[

  {
    "pk": 1,
    "model": "udj.libraryentry",
    "fields": {
      "player": 1,
      "player_lib_song_id": 1,
      "title": "Semi-Charmed Life",
      "artist": "Third Eye Blind",
      "album": "Third Eye Blind",
      "track": 3,
      "genre": "Rock",
      "duration": 268,
      "is_deleted": false
    }
  },

  {
    "pk": 2,
    "model": "udj.libraryentry",
    "fields": {
      "player": 1,
      "player_lib_song_id": 2,
      "title": "Narcolepsy",
      "artist": "Third Eye Blind",
      "album": "Third Eye Blind",
      "track": 2,
      "genre": "Rock",
      "duration": 228,
      "is_deleted": false
    }
  },

  {
    "pk": 3,
    "model": "udj.libraryentry",
    "fields": {
      "player": 1,
      "player_lib_song_id": 3,
      "title": "Narcolepsy",
      "artist": "Third Eye Blind",
      "album": "Graduate",
      "track": 5,
      "genre": "Rock",
      "duration": 189,
      "is_deleted": false
    }
  },

  {
    "pk": 4,
    "model": "udj.libraryentry",
    "fields": {
      "player": 1,
      "player_lib_song_id": 4,
      "title": "Losing A Whole Year",
      "artist": "Third Eye Blind",
      "album": "Third Eye Blind",
      "track": 1,
      "genre": "Rock",
      "duration": 200,
      "is_deleted": false
    }
  },

  {
    "pk": 5,
    "model": "udj.libraryentry",
    "fields": {
      "player": 1,
      "player_lib_song_id": 5,
      "title": "Never Let You Go",
      "artist": "Third Eye Blind",
      "album": "Blue",
      "track": 3,
      "genre": "Rock",
      "duration": 237,
      "is_deleted": false
    }
  },


  {
    "pk": 6,
    "model": "udj.libraryentry",
    "fields": {
      "player": 1,
      "player_lib_song_id": 6,
      "title": "Ilyena",
      "artist": "The Mars Volta",
      "album": "The Bedlam in Goliath",
      "track": 3,
      "genre": "Rock",
      "duration": 335,
      "is_deleted": false
    }
  },

  {
    "pk": 7,
    "model": "udj.libraryentry",
    "fields": {
      "player": 1,
      "player_lib_song_id": 7,
      "title": "Metatron",
      "artist": "The Mars Volta",
      "album": "The Bedlam in Goliath",
      "track": 2,
      "genre": "Rock",
      "duration": 471,
      "is_deleted": false
    }
  },

  {
    "pk": 8,
    "model": "udj.libraryentry",
    "fields": {
      "player": 1,
      "player_lib_song_id": 8,
      "title": "Tourniquet Man",
      "artist": "The Mars Volta",
      "album": "The Bedlam in Goliath",
      "track": 5,
      "genre": "Rock",
      "duration": 158,
      "is_deleted": true
    }
  },

  {
    "pk": 9,
    "model": "udj.libraryentry",
    "fields": {
      "player": 1,
      "player_lib_song_id": 9,
      "title": "Bangarang Feat. Sarah (Original Mix)",
      "artist": "Skrillex",
      "album": "Bangarang",
      "track": 2,
      "genre": "Dubstep",
      "duration": 215,
      "is_deleted": false
    }
  },

  {
    "pk": 10,
    "model": "udj.libraryentry",
    "fields": {
      "player": 1,
      "player_lib_song_id": 10,
      "title": "My Name Is Skrillex",
      "artist": "Skrillex",
      "album": "My Name Is Skrillex",
      "track": 1,
      "genre": "Dubstep",
      "duration": 291,
      "is_deleted": false
    }
  },





  {
    "pk": 1,
    "model": "udj.player",
    "fields": {
      "owning_user": 2,
      "name": "Kurtis Player",
      "state": "AC"
    }
  },
  {
    "pk": 2,
    "model": "udj.player",
    "fields": {
      "owning_user": 2,
      "name": "Minnesota Player",
      "state": "IN"
    }
  },
  {
    "pk": 3,
    "model": "udj.player",
    "fields": {
      "owning_user": 6,
      "name": "Alejandro Player",
      "state": "AC"
    }
  },

  {
    "pk": 1,
    "model": "udj.playerlocation",
    "fields": {
      "player" : 1,
      "address" : "201 N Goodwin Ave",
      "city": "Urbana",
      "state": 13,
      "zipcode": 61801,
      "latitude": 40.113331,
      "longitude": -88.223948
    }
  },

  {
    "pk": 2,
    "model": "udj.playerlocation",
    "fields": {
      "player" : 2,
      "address" : "305 Vicksburg Lane",
      "city": "Plymouth",
      "state": 23,
      "zipcode": 55447,
      "latitude": 44.981822,
      "longitude": -93.481330
    }
  },

  {
    "pk": 3,
    "model": "udj.playerlocation",
    "fields": {
      "player" : 3,
      "address" : "1365 Memorial Drive",
      "city": "Coral Gables",
      "state": 9,
      "zipcode": 33146,
      "latitude": 25.721439,
      "longitude": -80.27994
    }
  },

  {
    "pk": 1,
    "model": "udj.playerpassword",
    "fields": {
      "player": 3,
      "password_hash" : "8b8e92d17af4f1fcd02ecf281f6cf80b796b596a",
      "time_set": "2012-04-14 23:54:11"
    }
  },

  {
    "pk": 1,
    "model": "udj.participant",
    "fields": {
      "player": 1,
      "user": 3,
      "time_joined": "2012-04-14 11:54:22",
      "time_last_interaction" : "2012-04-14 12:30:33"
    }
  },
  {
    "pk": 2,
    "model": "udj.participant",
    "fields": {
      "player": 1,
      "user": 4,
      "time_joined": "2012-04-14 12:54:22",
      "time_last_interaction" : "2012-04-14 13:30:33"
    }
  },
  {
    "pk": 3,
    "model": "udj.participant",
    "fields": {
      "player": 1,
      "user": 7,
      "time_joined": "2012-04-14 12:34:22",
      "time_last_interaction" : "2012-04-14 13:27:33"
    }
  },



  {
    "pk": 1, 
    "model": "auth.user", 
    "fields": {
      "username": "admin", 
      "first_name": "", 
      "last_name": "", 
      "is_active": true, 
      "is_superuser": true, 
      "is_staff": true, 
      "last_login": "2012-04-14 23:54:11", 
      "groups": [], 
      "user_permissions": [], 
      "password": "sha1$a0f1a$42e612dbfd53e7b348512b21b487123043373938", 
      "email": "admin@admin.com", 
      "date_joined": "2012-04-14 23:51:32"
    }
  }, 
  {
    "pk": 2, 
    "model": "auth.user", 
    "fields": {
      "username": "kurtis", 
      "first_name": "", 
      "last_name": "", 
      "is_active": true, 
      "is_superuser": false, 
      "is_staff": false, 
      "last_login": "2012-04-14 23:56:13", 
      "groups": [], 
      "user_permissions": [], 
      "password": "sha1$7ac36$e69f2dcf0865404017a8f060afc678cb3a5fbd98", 
      "email": "", 
      "date_joined": "2012-04-14 23:56:13"
    }
  }, 
  {
    "pk": 3, 
    "model": "auth.user", 
    "fields": {
      "username": "jeff", 
      "first_name": "", 
      "last_name": "", 
      "is_active": true, 
      "is_superuser": false, 
      "is_staff": false, 
      "last_login": "2012-04-14 23:56:31", 
      "groups": [], 
      "user_permissions": [], 
      "password": "sha1$788e0$5dc51d3f95bc4e98cd36f493321d8a8563d3013b", 
      "email": "", 
      "date_joined": "2012-04-14 23:56:31"
    }
  }, 
  {
    "pk": 4, 
    "model": "auth.user", 
    "fields": {
      "username": "vilas", 
      "first_name": "", 
      "last_name": "", 
      "is_active": true, 
      "is_superuser": false, 
      "is_staff": false, 
      "last_login": "2012-04-14 23:56:53", 
      "groups": [], 
      "user_permissions": [], 
      "password": "sha1$ef0df$bd774a640e961848b2adf17ed1052ea1ba861438", 
      "email": "", 
      "date_joined": "2012-04-14 23:56:53"
    }
  }, 
  {
    "pk": 5, 
    "model": "auth.user", 
    "fields": {
      "username": "lucas", 
      "first_name": "", 
      "last_name": "", 
      "is_active": true, 
      "is_superuser": false, 
      "is_staff": false, 
      "last_login": "2012-04-14 23:57:08", 
      "groups": [], 
      "user_permissions": [], 
      "password": "sha1$f9735$4ecc50c6d8d49b7da721ca59f09038b25f6faf55", 
      "email": "", 
      "date_joined": "2012-04-14 23:57:08"
    }
  }, 
  {
    "pk": 6, 
    "model": "auth.user", 
    "fields": {
      "username": "alejandro", 
      "first_name": "", 
      "last_name": "", 
      "is_active": true, 
      "is_superuser": false, 
      "is_staff": false, 
      "last_login": "2012-04-14 23:57:24", 
      "groups": [], 
      "user_permissions": [], 
      "password": "sha1$097ff$6a6c54d8f5d1ce7a828dc71a2fce6f3669c9a089", 
      "email": "", 
      "date_joined": "2012-04-14 23:57:24"
    }
  }, 
  {
    "pk": 7, 
    "model": "auth.user", 
    "fields": {
      "username": "yunyoung", 
      "first_name": "", 
      "last_name": "", 
      "is_active": true, 
      "is_superuser": false, 
      "is_staff": false, 
      "last_login": "2012-04-14 23:57:48", 
      "groups": [], 
      "user_permissions": [], 
      "password": "sha1$ba6e8$1a1a9583d77c053b7de164ac418b853d52620d49", 
      "email": "", 
      "date_joined": "2012-04-14 23:57:48"
    }
  },

  {
    "pk": 1,
    "model": "udj.state",
    "fields":{
      "name": "AL"
    }
  },
  {
    "pk": 2,
    "model": "udj.state",
    "fields": {
      "name": "AK"
    }
  },
  {
    "pk": 3,
    "model": "udj.state",
    "fields": {
      "name": "AZ"
    }
  },
  {
    "pk": 4,
    "model": "udj.state",
    "fields": {
      "name": "AR"
    }
  },
  {
    "pk": 5,
    "model": "udj.state",
    "fields": {
      "name": "CA"
    }
  },
  {
    "pk": 6,
    "model": "udj.state",
    "fields": {
      "name": "CO"
    }
  },
  {
    "pk": 7,
    "model": "udj.state",
    "fields": {
      "name": "CT"
    }
  },
  {
    "pk": 8,
    "model": "udj.state",
    "fields": {
      "name": "DE"
    }
  },
  {
    "pk": 9,
    "model": "udj.state",
    "fields": {
      "name": "FL"
    }
  },
  {
    "pk": 10,
    "model": "udj.state",
    "fields": {
      "name": "GA"
    }
  },
  {
    "pk": 11,
    "model": "udj.state",
    "fields": {
      "name": "HI"
    }
  },
  {
    "pk": 12,
    "model": "udj.state",
    "fields": {
      "name": "ID"
    }
  },
  {
    "pk": 13,
    "model": "udj.state",
    "fields": {
      "name": "IL"
    }
  },
  {
    "pk": 14,
    "model": "udj.state",
    "fields": {
      "name": "IN"
    }
  },
  {
    "pk": 15,
    "model": "udj.state",
    "fields": {
      "name": "IA"
    }
  },
  {
    "pk": 16,
    "model": "udj.state",
    "fields": {
      "name": "KS"
    }
  },
  {
    "pk": 17,
    "model": "udj.state",
    "fields": {
      "name": "KY"
    }
  },
  {
    "pk": 18,
    "model": "udj.state",
    "fields": {
      "name": "LA"
    }
  },
  {
    "pk": 19,
    "model": "udj.state",
    "fields": {
      "name": "ME"
    }
  },
  {
    "pk": 20,
    "model": "udj.state",
    "fields": {
      "name": "MD"
    }
  },
  {
    "pk": 21,
    "model": "udj.state",
    "fields": {
      "name": "MA"
    }
  },
  {
    "pk": 22,
    "model": "udj.state",
    "fields": {
      "name": "MI"
    }
  },
  {
    "pk": 23,
    "model": "udj.state",
    "fields": {
      "name": "MN"
    }
  },
  {
    "pk": 24,
    "model": "udj.state",
    "fields": {
      "name": "MS"
    }
  },
  {
    "pk": 25,
    "model": "udj.state",
    "fields": {
      "name": "MO"
    }
  },
  {
    "pk": 26,
    "model": "udj.state",
    "fields": {
      "name": "MT"
    }
  },
  {
    "pk": 27,
    "model": "udj.state",
    "fields": {
      "name": "NE"
    }
  },
  {
    "pk": 28,
    "model": "udj.state",
    "fields": {
      "name": "NV"
    }
  },
  {
    "pk": 29,
    "model": "udj.state",
    "fields": {
      "name": "NH"
    }
  },
  {
    "pk": 30,
    "model": "udj.state",
    "fields": {
      "name": "NJ"
    }
  },
  {
    "pk": 31,
    "model": "udj.state",
    "fields": {
      "name": "NM"
    }
  },
  {
    "pk": 32,
    "model": "udj.state",
    "fields": {
      "name": "NY"
    }
  },
  {
    "pk": 33,
    "model": "udj.state",
    "fields": {
      "name": "NC"
    }
  },
  {
    "pk": 34,
    "model": "udj.state",
    "fields": {
      "name": "ND"
    }
  },
  {
    "pk": 35,
    "model": "udj.state",
    "fields": {
      "name": "OH"
    }
  },
  {
    "pk": 36,
    "model": "udj.state",
    "fields": {
      "name": "OK"
    }
  },
  {
    "pk": 37,
    "model": "udj.state",
    "fields": {
      "name": "OR"
    }
  },
  {
    "pk": 38,
    "model": "udj.state",
    "fields": {
      "name": "PA"
    }
  },
  {
    "pk": 39,
    "model": "udj.state",
    "fields": {
      "name": "RI"
    }
  },
  {
    "pk": 40,
    "model": "udj.state",
    "fields": {
      "name": "SC"
    }
  },
  {
    "pk": 41,
    "model": "udj.state",
    "fields": {
      "name": "SD"
    }
  },
  {
    "pk": 42,
    "model": "udj.state",
    "fields": {
      "name": "TN"
    }
  },
  {
    "pk": 43,
    "model": "udj.state",
    "fields": {
      "name": "TX"
    }
  },
  {
    "pk": 44,
    "model": "udj.state",
    "fields": {
      "name": "UT"
    }
  },
  {
    "pk": 45,
    "model": "udj.state",
    "fields": {
      "name": "VT"
    }
  },
  {
    "pk": 46,
    "model": "udj.state",
    "fields": {
      "name": "VA"
    }
  },
  {
    "pk": 47,
    "model": "udj.state",
    "fields": {
      "name": "WA"
    }
  },
  {
    "pk": 48,
    "model": "udj.state",
    "fields": {
      "name": "WV"
    }
  },
  {
    "pk": 49,
    "model": "udj.state",
    "fields": {
      "name": "WI"
    }
  },
  {
    "pk": 50,
    "model": "udj.state",
    "fields": {
      "name": "WY"
    }
  }
]
