[
  { 
    "model": "udj.eventid", 
    "pk" : 1,
    "fields" : {
    
    }
  },
  { 
    "model": "udj.eventid", 
    "pk" : 2,
    "fields" : {
    
    }
  },
  { 
    "model": "udj.activeplaylistentryid", 
    "pk" : 1,
    "fields" : {
    
    }
  },
  { 
    "model": "udj.activeplaylistentryid", 
    "pk" : 2,
    "fields" : {
    
    }
  },
  { 
    "model": "udj.activeplaylistentryid", 
    "pk" : 3,
    "fields" : {
    
    }
  },
  { 
    "model": "udj.activeplaylistentryid", 
    "pk" : 4,
    "fields" : {
    
    }
  },
  { 
    "model": "udj.activeplaylistentryid", 
    "pk" : 5,
    "fields" : {
    
    }
  },
  { 
    "model": "udj.activeplaylistentryid", 
    "pk" : 6,
    "fields" : {
    
    }
  },
  { 
    "model": "udj.activeplaylistentryid", 
    "pk" : 7,
    "fields" : {
    
    }
  },
  {
    "pk": 1, 
    "model": "udj.event", 
    "fields": {
      "event_id" : 1,
      "time_started": "2011-11-21 00:07:11", 
      "longitude": "-88.224006", 
      "host": 2, 
      "latitude": "40.113523", 
      "password_hash": "", 
      "name": "First Party"
    }
  }, 
  {
    "pk": 2, 
    "model": "udj.event", 
    "fields": {
      "event_id" : 2,
      "time_started": "2011-12-04 00:07:11", 
      "longitude": "-88.224006", 
      "host": 5, 
      "latitude": "40.113523", 
      "password_hash": "", 
      "name": "Second Party"
    }
  }, 
  {
    "pk": 1, 
    "model": "udj.libraryentry", 
    "fields": {
      "album": "Blue", 
      "duration" : 250,
      "is_deleted": false, 
      "host_lib_song_id": 10, 
      "artist": "Third Eye Blind", 
      "song": "Deep Inside Of You", 
      "owning_user": 2
    }
  }, 
  {
    "pk": 2, 
    "model": "udj.libraryentry", 
    "fields": {
      "album": "Blue", 
      "duration" : 237,
      "is_deleted": false, 
      "host_lib_song_id": 11, 
      "artist": "Third Eye Blind", 
      "song": "Never Let You Go", 
      "owning_user": 2
    }
  }, 
  {
    "pk": 3, 
    "model": "udj.libraryentry", 
    "fields": {
      "album": "Blue", 
      "duration" : 185,
      "is_deleted": false, 
      "host_lib_song_id": 12, 
      "artist": "Third Eye Blind", 
      "song": "10 Days Late", 
      "owning_user": 2
    }
  }, 
  {
    "pk": 4, 
    "model": "udj.libraryentry", 
    "fields": {
      "album": "The Battle of Los Angeles", 
      "duration" : 205,
      "is_deleted": false, 
      "host_lib_song_id": 13, 
      "artist": "Rage Against The Machine", 
      "song": "Sleep Now In The Fire", 
      "owning_user": 2
    }
  }, 
  {
    "pk": 5, 
    "model": "udj.libraryentry", 
    "fields": {
      "album": "Mellon Collie And The Infinite Sadness", 
      "duration" : 160,
      "is_deleted": false, 
      "host_lib_song_id": 14, 
      "artist": "The Smashing Pumpkins", 
      "song": "Zero", 
      "owning_user": 2
    }
  }, 
  {
    "pk": 6, 
    "model": "udj.libraryentry", 
    "fields": {
      "album": "Third Eye Blind", 
      "duration" : 200,
      "is_deleted": false, 
      "host_lib_song_id": 15, 
      "artist": "Third Eye Blind", 
      "song": "Losing A Whole Year", 
      "owning_user": 2
    }
  }, 
  {
    "pk": 7, 
    "model": "udj.libraryentry", 
    "fields": {
      "album": "Third Eye Blind", 
      "duration" : 228,
      "is_deleted": false, 
      "host_lib_song_id": 16, 
      "artist": "Third Eye Blind", 
      "song": "Narcolepsy", 
      "owning_user": 2
    }
  }, 
  {
    "pk": 8, 
    "model": "udj.libraryentry", 
    "fields": {
      "album": "Third Eye Blind", 
      "duration" : 268,
      "is_deleted": false, 
      "host_lib_song_id": 17, 
      "artist": "Third Eye Blind", 
      "song": "Semi-Charmed Life", 
      "owning_user": 2
    }
  }, 
  {
    "pk": 9, 
    "model": "udj.libraryentry", 
    "fields": {
      "album": "Third Eye Blind", 
      "duration" : 273,
      "is_deleted": false, 
      "host_lib_song_id": 18, 
      "artist": "Third Eye Blind", 
      "song": "Jumper", 
      "owning_user": 2
    }
  }, 
  {
    "pk": 10, 
    "model": "udj.libraryentry", 
    "fields": {
      "album": "Third Eye Blind", 
      "duration" : 189,
      "is_deleted": false, 
      "host_lib_song_id": 19, 
      "artist": "Third Eye Blind", 
      "song": "Graduate", 
      "owning_user": 2
    }
  }, 
  {
    "pk": 11, 
    "model": "udj.libraryentry", 
    "fields": {
      "album": "Siamese Dream", 
      "duration" : 299,
      "is_deleted": false, 
      "host_lib_song_id": 20, 
      "artist": "The Smashing Pumpkins", 
      "song": "Cherub Rock", 
      "owning_user": 2
    }
  }, 
  {
    "pk": 12, 
    "model": "udj.libraryentry", 
    "fields": {
      "album": "Scary Monsters and Nice Sprites", 
      "duration" : 243,
      "is_deleted": false, 
      "host_lib_song_id": 21, 
      "artist": "Skrillex", 
      "song": "Scary Monsters And Nice Sprites", 
      "owning_user": 2
    }
  }, 
  {
    "pk": 13, 
    "model": "udj.libraryentry", 
    "fields": {
      "album": "My Name Is Skrillex", 
      "duration" : 389,
      "is_deleted": false, 
      "host_lib_song_id": 22, 
      "artist": "Skrillex", 
      "song": "With You Friends", 
      "owning_user": 2
    }
  }, 
  {
    "pk": 14, 
    "model": "udj.libraryentry", 
    "fields": {
      "album": "Bulls On Parade", 
      "duration" : 389,
      "is_deleted": false, 
      "host_lib_song_id": 1, 
      "artist": "Rage Against the Machine", 
      "song": "Evil Empire", 
      "owning_user": 3
    }
  }, 
  {
    "pk": 1, 
    "model": "udj.availablesong", 
    "fields": {
      "library_entry": 1
    }
  }, 
  {
    "pk": 2, 
    "model": "udj.availablesong", 
    "fields": {
      "library_entry": 2
    }
  }, 
  {
    "pk": 3, 
    "model": "udj.availablesong", 
    "fields": {
      "library_entry": 5
    }
  }, 
  {
    "pk": 4, 
    "model": "udj.availablesong", 
    "fields": {
      "library_entry": 8
    }
  }, 
  {
    "pk": 5, 
    "model": "udj.availablesong", 
    "fields": {
      "library_entry": 9
    }
  }, 
  {
    "pk": 6, 
    "model": "udj.availablesong", 
    "fields": {
      "library_entry": 10
    }
  }, 
  {
    "pk": 7, 
    "model": "udj.availablesong", 
    "fields": {
      "library_entry": 11
    }
  }, 
  {
    "pk": 8, 
    "model": "udj.availablesong", 
    "fields": {
      "library_entry": 12
    }
  }, 
  {
    "pk": 9, 
    "model": "udj.availablesong", 
    "fields": {
      "library_entry": 13
    }
  }, 
  {
    "pk": 3, 
    "model": "udj.activeplaylistentry", 
    "fields": {
      "entry_id" : 3,
      "song": 11, 
      "adder": 2, 
      "time_added": "2011-11-22 23:25:35", 
      "event": 1,
      "client_request_id" : 3
    }
  }, 
  {
    "pk": 4, 
    "model": "udj.activeplaylistentry", 
    "fields": {
      "entry_id" : 4,
      "song": 8, 
      "adder": 3, 
      "time_added": "2011-11-22 23:26:00", 
      "event": 1,
      "client_request_id" : 3
    }
  }, 
  {
    "pk": 5, 
    "model": "udj.activeplaylistentry", 
    "fields": {
      "entry_id" : 5,
      "song": 2, 
      "adder": 3, 
      "time_added": "2011-11-22 23:26:13", 
      "event": 1,
      "client_request_id" : 2
    }
  }, 
  {
    "pk": 6, 
    "model": "udj.activeplaylistentry", 
    "fields": {
      "entry_id" : 6,
      "song": 12, 
      "adder": 2, 
      "time_added": "2011-11-22 23:26:24", 
      "event": 1,
      "client_request_id" : 2
    }
  }, 
  {
    "pk": 1, 
    "model": "udj.currentsong", 
    "fields": {
      "song": 12, 
      "downvotes": 1, 
      "adder": 3, 
      "upvotes": 2, 
      "time_added": "2011-11-22 23:25:12", 
      "time_played": "2011-11-23 00:06:11", 
      "event": 1,
      "client_request_id" : 1
    }
  }, 
  {
    "pk": 1, 
    "model": "udj.playedplaylistentry", 
    "fields": {
      "song": 10,
      "downvotes": 0, 
      "adder": 2, 
      "upvotes": 1, 
      "time_added": "2011-11-22 23:24:12", 
      "time_played": "2011-11-23 00:01:11", 
      "event": 1,
      "client_request_id" : 1
    }
  }, 
  {
    "pk": 1,
    "model" : "udj.deletedplaylistentry",
    "fields": {
      "entry_id" : 7,
      "event" : 1,
      "adder" : 2,
      "song" : 4,
      "client_request_id" : 4
    }
  },
  {
    "pk": 2, 
    "model": "udj.eventgoer", 
    "fields": {
      "user": 2, 
      "time_joined": "2011-11-21 00:06:24", 
      "event": 1
    }
  }, 
  {
    "pk": 3, 
    "model": "udj.eventgoer", 
    "fields": {
      "user": 4, 
      "time_joined": "2011-11-21 00:08:24", 
      "event": 1
    }
  }, 
  {
    "pk": 1, 
    "model": "auth.user", 
    "fields": {
      "username": "admin", 
      "first_name": "", 
      "last_name": "", 
      "is_active": true, 
      "is_superuser": true, 
      "is_staff": true, 
      "last_login": "2011-11-22 23:24:36", 
      "groups": [], 
      "user_permissions": [], 
      "password": "sha1$79d95$95bb254b5daccf168ea7a3f723d6f1bb96df5265", 
      "email": "udj@udj.com", 
      "date_joined": "2011-11-21 00:03:52"
    }
  }, 
  {
    "pk": 2, 
    "model": "auth.user", 
    "fields": {
      "username": "test1", 
      "first_name": "Kurtis", 
      "last_name": "Big boy", 
      "is_active": true, 
      "is_superuser": false, 
      "is_staff": false, 
      "last_login": "2011-11-21 00:04:21", 
      "groups": [], 
      "user_permissions": [], 
      "password": "sha1$25614$3a0c1cb3df807816c273000157fd53252e66a464", 
      "email": "", 
      "date_joined": "2011-11-21 00:04:21"
    }
  }, 
  {
    "pk": 3, 
    "model": "auth.user", 
    "fields": {
      "username": "test2", 
      "first_name": "Carl", 
      "last_name": "Carlson", 
      "is_active": true, 
      "is_superuser": false, 
      "is_staff": false, 
      "last_login": "2011-11-21 00:04:35", 
      "groups": [], 
      "user_permissions": [], 
      "password": "sha1$ab44d$9cc6d1f2a2987d086856ae2d51c8a2b8eb6c4d4c", 
      "email": "", 
      "date_joined": "2011-11-21 00:04:35"
    }
  }, 
  {
    "pk": 4, 
    "model": "auth.user", 
    "fields": {
      "username": "test3", 
      "first_name": "Lenny", 
      "last_name": "Leonard", 
      "is_active": true, 
      "is_superuser": false, 
      "is_staff": false, 
      "last_login": "2011-11-21 00:04:46", 
      "groups": [], 
      "user_permissions": [], 
      "password": "sha1$88305$9401009b8dbcf94d44e0683456003ee2813aa8b6", 
      "email": "", 
      "date_joined": "2011-11-21 00:04:46"
    }
  },
  {
    "pk": 5,
    "model": "auth.user",
    "fields": {
      "username": "test4",
      "first_name": "Bart",
      "last_name": "Simpson",
      "is_active": true,
      "is_superuser": false,
      "is_staff": false,
      "last_login": "2011-12-04 16:22:46",
      "groups": [],
      "user_permissions": [],
      "password": "sha1$363ac$2170643b05d15d5aeaa602a3a125056932212c68",
      "email": "",
      "date_joined": "2011-12-04 16:22:46"
    }
  },
  {
    "pk" : 1,
    "model" : "udj.upvote",
    "fields" : {
      "playlist_entry" : 3,
      "user" : 2
    }
  },
  {
    "pk" : 2,
    "model" : "udj.upvote",
    "fields" : {
      "playlist_entry" : 3,
      "user" : 3
    }
  },
  {
    "pk" : 3,
    "model" : "udj.upvote",
    "fields" : {
      "playlist_entry" : 4,
      "user" : 3
    }
  },
  {
    "pk" : 4,
    "model" : "udj.upvote",
    "fields" : {
      "playlist_entry" : 5,
      "user" : 3
    }
  },
  {
    "pk" : 5,
    "model" : "udj.upvote",
    "fields" : {
      "playlist_entry" : 5,
      "user" : 2
    }
  },
  {
    "pk" : 6,
    "model" : "udj.upvote",
    "fields" : {
      "playlist_entry" : 5,
      "user" : 4
    }
  },
  {
    "pk" : 7,
    "model" : "udj.upvote",
    "fields" : {
      "playlist_entry" : 6,
      "user" : 2
    }
  },
  {
    "pk" : 8,
    "model" : "udj.upvote",
    "fields" : {
      "playlist_entry" : 6,
      "user" : 4
    }
  },
  {
    "pk" : 1,
    "model" : "udj.downvote",
    "fields" : {
      "playlist_entry" : 6,
      "user" : 3
    }
  }
]
