[

  {
    "pk": 1,
    "model": "udj.libraryentry",
    "fields": {
      "player": 1,
      "player_lib_song_id": "1",
      "title": "Semi-Charmed Life",
      "artist": "Third Eye Blind",
      "album": "Third Eye Blind",
      "track": 3,
      "genre": "Rock",
      "duration": 268,
      "is_deleted": false,
      "is_banned": false
    }
  },

  {
    "pk": 2,
    "model": "udj.libraryentry",
    "fields": {
      "player": 1,
      "player_lib_song_id": "2",
      "title": "Narcolepsy",
      "artist": "Third Eye Blind",
      "album": "Third Eye Blind",
      "track": 2,
      "genre": "Rock",
      "duration": 228,
      "is_deleted": false,
      "is_banned": false
    }
  },

  {
    "pk": 3,
    "model": "udj.libraryentry",
    "fields": {
      "player": 1,
      "player_lib_song_id": "3",
      "title": "Graduate",
      "artist": "Third Eye Blind",
      "album": "Third Eye Blind",
      "track": 5,
      "genre": "Rock",
      "duration": 189,
      "is_deleted": false,
      "is_banned": false
    }
  },

  {
    "pk": 4,
    "model": "udj.libraryentry",
    "fields": {
      "player": 1,
      "player_lib_song_id": "4",
      "title": "Losing A Whole Year",
      "artist": "Third Eye Blind",
      "album": "Third Eye Blind",
      "track": 1,
      "genre": "Rock",
      "duration": 200,
      "is_deleted": false,
      "is_banned" : true
    }
  },

  {
    "pk": 5,
    "model": "udj.libraryentry",
    "fields": {
      "player": 1,
      "player_lib_song_id": "5",
      "title": "Never Let You Go",
      "artist": "Third Eye Blind",
      "album": "Blue",
      "track": 3,
      "genre": "Rock",
      "duration": 237,
      "is_deleted": false,
      "is_banned": false
    }
  },


  {
    "pk": 6,
    "model": "udj.libraryentry",
    "fields": {
      "player": 1,
      "player_lib_song_id": "6",
      "title": "Ilyena",
      "artist": "The Mars Volta",
      "album": "The Bedlam in Goliath",
      "track": 3,
      "genre": "Rock",
      "duration": 335,
      "is_deleted": false,
      "is_banned": false
    }
  },

  {
    "pk": 7,
    "model": "udj.libraryentry",
    "fields": {
      "player": 1,
      "player_lib_song_id": "7",
      "title": "Metatron",
      "artist": "The Mars Volta",
      "album": "The Bedlam in Goliath",
      "track": 2,
      "genre": "Rock",
      "duration": 471,
      "is_deleted": false,
      "is_banned": false
    }
  },

  {
    "pk": 8,
    "model": "udj.libraryentry",
    "fields": {
      "player": 1,
      "player_lib_song_id": "8",
      "title": "Tourniquet Man",
      "artist": "The Mars Volta",
      "album": "The Bedlam in Goliath",
      "track": 5,
      "genre": "Rock",
      "duration": 158,
      "is_deleted": true,
      "is_banned": false
    }
  },

  {
    "pk": 9,
    "model": "udj.libraryentry",
    "fields": {
      "player": 1,
      "player_lib_song_id": "9",
      "title": "Bangarang Feat. Sarah (Original Mix)",
      "artist": "Skrillex",
      "album": "Bangarang",
      "track": 2,
      "genre": "Dubstep",
      "duration": 215,
      "is_deleted": false,
      "is_banned": false
    }
  },

  {
    "pk": 10,
    "model": "udj.libraryentry",
    "fields": {
      "player": 1,
      "player_lib_song_id": "10",
      "title": "My Name Is Skrillex",
      "artist": "Skrillex",
      "album": "My Name Is Skrillex",
      "track": 1,
      "genre": "Dubstep",
      "duration": 291,
      "is_deleted": false,
      "is_banned": false
    }
  },


  {
    "pk": 11,
    "model": "udj.libraryentry",
    "fields": {
      "player": 3,
      "player_lib_song_id": "1",
      "title": "Californication",
      "artist": "Red Hot Chili Peppers",
      "album": "Californication",
      "track": 6,
      "genre": "Rock",
      "duration": 321,
      "is_deleted": false,
      "is_banned": false
    }
  },

  {
    "pk": 12,
    "model": "udj.libraryentry",
    "fields": {
      "player": 3,
      "player_lib_song_id": "2",
      "title": "Otherside",
      "artist": "Red Hot Chili Peppers",
      "album": "Californication",
      "track": 4,
      "genre": "Rock",
      "duration": 255,
      "is_deleted": false,
      "is_banned": false
    }
  },



  {
    "pk": 1,
    "model": "udj.activeplaylistentry",
    "fields": {
      "song": 1,
      "time_added": "2012-04-15 11:54:11",
      "adder": 7,
      "state": "QE"
    }
  },

  {
    "pk": 2,
    "model": "udj.activeplaylistentry",
    "fields": {
      "song": 2,
      "time_added": "2012-04-15 11:55:11",
      "adder": 7,
      "state": "QE"
    }
  },

  {
    "pk": 3,
    "model": "udj.activeplaylistentry",
    "fields": {
      "song": 3,
      "time_added": "2012-04-15 11:57:40",
      "adder": 3,
      "state": "QE"
    }
  },

  {
    "pk": 4,
    "model": "udj.activeplaylistentry",
    "fields": {
      "song": 5,
      "time_added": "2012-04-15 11:57:50",
      "adder": 3,
      "state": "QE"
    }
  },

  {
    "pk": 5,
    "model": "udj.activeplaylistentry",
    "fields": {
      "song": 6,
      "time_added": "2012-04-15 11:53:50",
      "adder": 2,
      "state": "PL"
    }
  },

  {
    "pk": 6,
    "model": "udj.activeplaylistentry",
    "fields": {
      "song": 7,
      "time_added": "2012-04-15 11:50:50",
      "adder": 2,
      "state": "FN"
    }
  },

  {
    "pk": 7,
    "model": "udj.activeplaylistentry",
    "fields": {
      "song": 10,
      "time_added": "2012-04-15 11:49:50",
      "adder": 2,
      "state": "RM"
    }
  },

  {
    "pk": 8,
    "model": "udj.activeplaylistentry",
    "fields": {
      "song": 11,
      "time_added": "2012-04-15 11:54:11",
      "adder": 6,
      "state": "QE"
    }
  },

  {
    "pk": 9,
    "model": "udj.activeplaylistentry",
    "fields": {
      "song": 5,
      "time_added": "2012-04-15 10:54:50",
      "adder": 2,
      "state": "FN"
    }
  },


  {
    "pk": 1,
    "model": "udj.playlistentrytimeplayed",
    "fields": {
      "playlist_entry": 5,
      "time_played": "2012-04-15 11:52:50"
    }
  },
  {
    "pk": 2,
    "model": "udj.playlistentrytimeplayed",
    "fields": {
      "playlist_entry": 6,
      "time_played": "2012-04-15 11:52:50"
    }
  },

  {
    "pk": 3,
    "model": "udj.playlistentrytimeplayed",
    "fields": {
      "playlist_entry": 9,
      "time_played": "2012-04-15 10:52:50"
    }
  },

  {
    "pk": 1,
    "model": "udj.vote",
    "fields": {
      "playlist_entry": 1,
      "user": 7,
      "weight": 1
    }
  },

  {
    "pk": 2,
    "model": "udj.vote",
    "fields": {
      "playlist_entry": 2,
      "user": 7,
      "weight": 1
    }
  },

  {
    "pk": 3,
    "model": "udj.vote",
    "fields": {
      "playlist_entry": 3,
      "user": 3,
      "weight": 1
    }
  },

  {
    "pk": 4,
    "model": "udj.vote",
    "fields": {
      "playlist_entry": 4,
      "user": 3,
      "weight": 1
    }
  },

  {
    "pk": 5,
    "model": "udj.vote",
    "fields": {
      "playlist_entry": 5,
      "user": 2,
      "weight": 1
    }
  },

  {
    "pk": 6,
    "model": "udj.vote",
    "fields": {
      "playlist_entry": 6,
      "user": 2,
      "weight": 1
    }
  },

  {
    "pk": 7,
    "model": "udj.vote",
    "fields": {
      "playlist_entry": 1,
      "user": 2,
      "weight": 1
    }
  },

  {
    "pk": 8,
    "model": "udj.vote",
    "fields": {
      "playlist_entry": 2,
      "user": 3,
      "weight": -1
    }
  },





  {
    "pk": 1,
    "model": "udj.player",
    "fields": {
      "owning_user": 2,
      "name": "Kurtis Player",
      "state": "PL",
      "volume": 5,
      "sorting_algo" : 1,
      "allow_user_songset" : true
    }
  },

  {
    "pk": 2,
    "model": "udj.player",
    "fields": {
      "owning_user": 2,
      "name": "Minnesota Player",
      "state": "IN",
      "volume": 2,
      "sorting_algo" : 1
    }
  },

  {
    "pk": 3,
    "model": "udj.player",
    "fields": {
      "owning_user": 6,
      "name": "Alejandro Player",
      "state": "PL",
      "volume": 3,
      "sorting_algo" : 1
    }
  },

  {
    "pk": 4,
    "model": "udj.player",
    "fields": {
      "owning_user": 2,
      "name": "Player with no location",
      "state": "PL",
      "volume": 5,
      "sorting_algo" : 1
    }
  },

  {
    "pk": 5,
    "model": "udj.player",
    "fields": {
      "owning_user": 2,
      "name": "Other Kurtis Player",
      "state": "PL",
      "volume": 5,
      "sorting_algo" : 1
    }
  },

  {
    "pk": 6,
    "model": "udj.player",
    "fields": {
      "owning_user": 2,
      "name": "Schnucks player",
      "state": "PL",
      "volume": 5,
      "sorting_algo" : 1
    }
  },


  {
    "pk": 7,
    "model": "udj.player",
    "fields": {
      "owning_user": 2,
      "name": "Full Player",
      "state": "PL",
      "volume": 5,
      "sorting_algo" : 1,
      "size_limit" : 2
    }
  },




  {
    "pk": 1,
    "model": "udj.playerlocation",
    "fields": {
      "player" : 1,
      "point" : "POINT(-88.223948 40.113331)",
      "address" : "201 N Goodwin",
      "locality" : "Urbana",
      "region" : "IL",
      "postal_code" : "61801",
      "country" : "US"
    }
  },

  {
    "pk": 2,
    "model": "udj.playerlocation",
    "fields": {
      "player" : 2,
      "point" : "POINT(-93.481330 44.981822)",
      "address" : "305 Vicksburg Lane North",
      "locality" : "Plymouth",
      "region" : "MN",
      "postal_code" : "55447",
      "country" : "US"
    }
  },

  {
    "pk": 3,
    "model": "udj.playerlocation",
    "fields": {
      "player" : 3,
      "point" : "POINT(-80.27994 25.721439)",
      "address" : "1300 Memorial Drive",
      "locality" : "Coral Gables",
      "region" : "FL",
      "postal_code" : "33146",
      "country" : "U.S."
    }
  },

  {
    "pk": 4,
    "model": "udj.playerlocation",
    "fields": {
      "player" : 5,
      "point" : "POINT(-88.230399 40.110415)",
      "address" : "604 East Green Street",
      "locality" : "Champaign",
      "region" : "IL",
      "postal_code" : "61820",
      "country" : "U.S."
    }
  },

  {
    "pk": 5,
    "model": "udj.playerlocation",
    "fields": {
      "player" : 6,
      "point" : "POINT(-88.204848 40.111597)",
      "address" : "200 North Vine Street",
      "locality" : "Urbana",
      "region" :  "IL",
      "postal_code" : "61801",
      "country" : "U.S."
    }
  },


  {
    "pk": 1,
    "model": "udj.playerpassword",
    "fields": {
      "player": 3,
      "password_hash" : "8b8e92d17af4f1fcd02ecf281f6cf80b796b596a",
      "time_set": "2012-04-14 23:54:11"
    }
  },

  {
    "pk": 1,
    "model": "udj.participant",
    "fields": {
      "player": 1,
      "user": 3,
      "time_joined": "2012-04-14 11:54:22",
      "time_last_interaction" : "2012-04-14 12:30:33"
    }
  },
  {
    "pk": 2,
    "model": "udj.participant",
    "fields": {
      "player": 1,
      "user": 4,
      "time_joined": "2012-04-14 12:54:22",
      "time_last_interaction" : "2012-04-14 13:30:33"
    }
  },
  {
    "pk": 3,
    "model": "udj.participant",
    "fields": {
      "player": 1,
      "user": 7,
      "time_joined": "2012-04-14 12:34:22",
      "time_last_interaction" : "2012-04-14 13:27:33"
    }
  },
  {
    "pk": 4,
    "model": "udj.participant",
    "fields": {
      "player": 1,
      "user": 8,
      "time_joined": "2012-04-14 12:34:22",
      "time_last_interaction" : "2012-04-14 13:27:33",
      "ban_flag" : true,
      "kick_flag" : true
    }
  },

  {
    "pk": 5,
    "model": "udj.participant",
    "fields": {
      "player": 7,
      "user": 9,
      "time_joined": "2012-04-14 12:34:22",
      "time_last_interaction" : "2012-04-14 13:27:33",
      "ban_flag" : false
    }
  },
  {
    "pk": 6,
    "model": "udj.participant",
    "fields": {
      "player": 7,
      "user": 10,
      "time_joined": "2012-04-14 12:34:22",
      "time_last_interaction" : "2012-04-14 13:27:33",
      "ban_flag" : false
    }
  },
  {
    "pk": 7,
    "model": "udj.participant",
    "fields": {
      "player": 6,
      "user": 8,
      "time_joined": "2012-04-14 12:34:22",
      "time_last_interaction" : "2012-04-14 13:27:33",
      "ban_flag" : false,
      "kick_flag" : true
    }
  },
  {
    "pk": 8,
    "model": "udj.participant",
    "fields": {
      "player": 1,
      "user": 5,
      "time_joined": "2012-04-14 12:34:22",
      "time_last_interaction" : "2012-04-14 13:27:33"
    }
  },
  {
    "pk": 9,
    "model": "udj.participant",
    "fields": {
      "player": 3,
      "user": 2,
      "time_joined": "2012-04-14 12:34:22",
      "time_last_interaction" : "2012-04-14 13:27:33"
    }
  },
  {
    "pk": 10,
    "model" : "udj.participant",
    "fields" : {
      "player" : 1,
      "user" : 11,
      "time_joined": "2012-08-11 9:34:22",
      "time_last_interaction" : "2012-08-11 10:27:33",
      "logout_flag" : true
    }
  },





  {
    "pk": 1,
    "model": "udj.favorite",
    "fields": {
      "user": 2,
      "favorite_song" : 7,
      "date_added" : "2012-06-14 23:51:32"
    }
  },
  {
    "pk": 2,
    "model": "udj.favorite",
    "fields": {
      "user": 2,
      "favorite_song" : 8,
      "date_added" : "2012-06-14 23:52:00"
    }
  },

  {
    "pk": 1,
    "model" : "udj.playeradmin",
    "fields": {
      "admin_user" : 5,
      "player" : 1
    }
  },
  {
    "pk": 2,
    "model" : "udj.playeradmin",
    "fields": {
      "admin_user" : 5,
      "player" : 4
    }
  },

  {
    "pk": 3,
    "model" : "udj.playeradmin",
    "fields": {
      "admin_user" : 2,
      "player" : 3
    }
  },
  {
    "pk": 4,
    "model" : "udj.playeradmin",
    "fields": {
      "admin_user" : 1,
      "player" : 1
    }
  },


  {
    "pk": 1, 
    "model": "auth.user", 
    "fields": {
      "username": "admin", 
      "first_name": "", 
      "last_name": "", 
      "is_active": true, 
      "is_superuser": true, 
      "is_staff": true, 
      "last_login": "2012-04-14 23:54:11", 
      "groups": [], 
      "user_permissions": [], 
      "password": "sha1$a0f1a$42e612dbfd53e7b348512b21b487123043373938", 
      "email": "admin@admin.com", 
      "date_joined": "2012-04-14 23:51:32"
    }
  }, 
  {
    "pk": 2, 
    "model": "auth.user", 
    "fields": {
      "username": "kurtis", 
      "first_name": "", 
      "last_name": "", 
      "is_active": true, 
      "is_superuser": false, 
      "is_staff": false, 
      "last_login": "2012-04-14 23:56:13", 
      "groups": [], 
      "user_permissions": [], 
      "password": "sha1$7ac36$e69f2dcf0865404017a8f060afc678cb3a5fbd98", 
      "email": "kurtis@kurtis.com",
      "date_joined": "2012-04-14 23:56:13"
    }
  }, 
  {
    "pk": 3, 
    "model": "auth.user", 
    "fields": {
      "username": "jeff", 
      "first_name": "", 
      "last_name": "", 
      "is_active": true, 
      "is_superuser": false, 
      "is_staff": false, 
      "last_login": "2012-04-14 23:56:31", 
      "groups": [], 
      "user_permissions": [], 
      "password": "sha1$788e0$5dc51d3f95bc4e98cd36f493321d8a8563d3013b", 
      "email": "", 
      "date_joined": "2012-04-14 23:56:31"
    }
  }, 
  {
    "pk": 4, 
    "model": "auth.user", 
    "fields": {
      "username": "vilas", 
      "first_name": "", 
      "last_name": "", 
      "is_active": true, 
      "is_superuser": false, 
      "is_staff": false, 
      "last_login": "2012-04-14 23:56:53", 
      "groups": [], 
      "user_permissions": [], 
      "password": "sha1$ef0df$bd774a640e961848b2adf17ed1052ea1ba861438", 
      "email": "", 
      "date_joined": "2012-04-14 23:56:53"
    }
  }, 
  {
    "pk": 5, 
    "model": "auth.user", 
    "fields": {
      "username": "lucas", 
      "first_name": "", 
      "last_name": "", 
      "is_active": true, 
      "is_superuser": false, 
      "is_staff": false, 
      "last_login": "2012-04-14 23:57:08", 
      "groups": [], 
      "user_permissions": [], 
      "password": "sha1$f9735$4ecc50c6d8d49b7da721ca59f09038b25f6faf55", 
      "email": "", 
      "date_joined": "2012-04-14 23:57:08"
    }
  }, 
  {
    "pk": 6, 
    "model": "auth.user", 
    "fields": {
      "username": "alejandro", 
      "first_name": "", 
      "last_name": "", 
      "is_active": true, 
      "is_superuser": false, 
      "is_staff": false, 
      "last_login": "2012-04-14 23:57:24", 
      "groups": [], 
      "user_permissions": [], 
      "password": "sha1$097ff$6a6c54d8f5d1ce7a828dc71a2fce6f3669c9a089", 
      "email": "", 
      "date_joined": "2012-04-14 23:57:24"
    }
  }, 
  {
    "pk": 7, 
    "model": "auth.user", 
    "fields": {
      "username": "yunyoung", 
      "first_name": "", 
      "last_name": "", 
      "is_active": true, 
      "is_superuser": false, 
      "is_staff": false, 
      "last_login": "2012-04-14 23:57:48", 
      "groups": [], 
      "user_permissions": [], 
      "password": "sha1$ba6e8$1a1a9583d77c053b7de164ac418b853d52620d49", 
      "email": "", 
      "date_joined": "2012-04-14 23:57:48"
    }
  },
  {
    "pk": 8, 
    "model": "auth.user", 
    "fields": {
      "username": "zach", 
      "first_name": "", 
      "last_name": "", 
      "is_active": true, 
      "is_superuser": false, 
      "is_staff": false, 
      "last_login": "2012-07-23T06:57:26.118", 
      "groups": [], 
      "user_permissions": [], 
      "password": "pbkdf2_sha256$10000$qJSvn6KMBunI$V2OVXdJxOnKpVzRPaIFK6oCKBWr2TtPxL5nvZxpY4Ug=", 
      "email": "", 
      "date_joined": "2012-07-23T06:57:26.118"
    }
  },
  {
    "pk": 9, 
    "model": "auth.user", 
    "fields": {
      "username": "matt", 
      "first_name": "", 
      "last_name": "", 
      "is_active": true, 
      "is_superuser": false, 
      "is_staff": false, 
      "last_login": "2012-07-28T05:35:16.778", 
      "groups": [], 
      "user_permissions": [], 
      "password": "pbkdf2_sha256$10000$UTWCf0fpH2MN$sfiKf/34lh/El2Td1dMiVm+wNegtM1znm5fBIKZ8AdE=", 
      "email": "", 
      "date_joined": "2012-07-28T05:35:16.778"
    }
  }, 
  {
    "pk": 10, 
    "model": "auth.user", 
    "fields": {
      "username": "alex", 
      "first_name": "", 
      "last_name": "", 
      "is_active": true, 
      "is_superuser": false, 
      "is_staff": false, 
      "last_login": "2012-07-28T05:35:35.219", 
      "groups": [], 
      "user_permissions": [], 
      "password": "pbkdf2_sha256$10000$yhiVu51ZrHvB$wyNCbe/nNYwTKxRKGdoSlknRYX/5HK9rrAEwYKjwBGQ=", 
      "email": "", 
      "date_joined": "2012-07-28T05:35:35.219"
    }
  }, 
  {
    "pk": 11, 
    "model": "auth.user", 
    "fields": {
      "username": "lee", 
      "first_name": "", 
      "last_name": "", 
      "is_active": true, 
      "is_superuser": false, 
      "is_staff": false, 
      "last_login": "2012-07-28T05:35:44.208", 
      "groups": [], 
      "user_permissions": [], 
      "password": "pbkdf2_sha256$10000$IlYAXlKD9SNp$sJFangJ5NxZa7HNN07f5MjjhQyk0HepnlVahrjXDLvM=", 
      "email": "", 
      "date_joined": "2012-07-28T05:35:44.208"
    }
  },





  {
    "pk": 1,
    "model": "udj.sortingalgorithm",
    "fields": {
      "name" : "Total Votes",
      "description" : "Sorts the playlist be calculating each songs total votes (upvotes - downvotes). Ties are broken by the time each song was added (with preference given to the song that was added first",
      "function_name" : "totalVotes"
    }
  },
  {
    "pk": 2,
    "model": "udj.sortingalgorithm",
    "fields": {
      "name" : "Time Added",
      "description" : "Sorts the playlist songs by the time the songs were added.",
      "function_name" : "timeAdded"
    }
  },
  {
    "pk": 3,
    "model": "udj.sortingalgorithm",
    "fields": {
      "name" : "Round Robin",
      "description" : "Sorts the playlist songs by the time the songs were added and spaces songs out by adder.",
      "function_name" : "roundRobin"
    }
  },

  {
    "pk": 1, 
    "model": "udj.ticket", 
    "fields": {
      "ticket_hash": "9e25c0feed38afb11c3098a9628790f9", 
      "user": 5, 
      "time_issued": "2012-04-24 23:01:37"
    }
  },


  {
    "pk": 1,
    "model": "udj.songset",
    "fields": {
      "name" : "Third Eye Blind",
      "description" : "A song set with some great third eye blind.",
      "player" : 1,
      "owner" : 2,
      "date_created": "2012-06-22 18:06:49"
    }
  },

  {
    "pk": 2,
    "model": "udj.songset",
    "fields": {
      "name" : "Mars Volta",
      "description" : "A song set with some great Mars Volta.",
      "player" : 1,
      "owner" : 3,
      "date_created": "2012-08-04 17:31:52"
    }
  },


  {
    "pk": 1,
    "model" : "udj.songsetentry",
    "fields":{
      "songset" : 1,
      "song" : 1
    }
  },

  {
    "pk": 2,
    "model" : "udj.songsetentry",
    "fields":{
      "songset" : 1,
      "song" : 3
    }
  },

  {
    "pk": 3,
    "model" : "udj.songsetentry",
    "fields":{
      "songset" : 2,
      "song" : 6
    }
  },

  {
    "pk": 4,
    "model" : "udj.songsetentry",
    "fields":{
      "songset" : 2,
      "song" : 7
    }
  }



]
