[
  {
    "pk" :1,
    "model" : "udj.library",
    "fields": {
      "name" : "Kurtis Player Default Library",
      "description": "blah",
      "pub_key" : "blkjdd",
      "read_permission" : "OW",
      "write_permission" : "OW",
      "resolver" : "standard"
    }
  },
  {
    "pk" :2,
    "model" : "udj.library",
    "fields": {
      "name" : "Minnesota Player Default Library",
      "description": "blah",
      "pub_key" : "blkjdd",
      "read_permission" : "OW",
      "write_permission" : "OW",
      "resolver" : "standard"
    }
  },
  {
    "pk" :3,
    "model" : "udj.library",
    "fields": {
      "name" : "Alejandro Player Default Library",
      "description": "blah",
      "pub_key" : "blkjdd",
      "read_permission" : "OW",
      "write_permission" : "OW",
      "resolver" : "standard"
    }
  },

  {
    "pk" :4,
    "model" : "udj.library",
    "fields": {
      "name" : "No Location Player Default Library",
      "description": "blah",
      "pub_key" : "blkjdd",
      "read_permission" : "OW",
      "write_permission" : "OW",
      "resolver" : "standard"
    }
  },

  {
    "pk" :5,
    "model" : "udj.library",
    "fields": {
      "name" : "Other Kurtis Player Default Library",
      "description": "blah",
      "pub_key" : "blkjdd",
      "read_permission" : "OW",
      "write_permission" : "OW",
      "resolver" : "standard"
    }
  },

  {
    "pk" :6,
    "model" : "udj.library",
    "fields": {
      "name" : "Schnuks Player Default Library",
      "description": "blah",
      "pub_key" : "blkjdd",
      "read_permission" : "OW",
      "write_permission" : "OW",
      "resolver" : "standard"
    }
  },

  {
    "pk" :7,
    "model" : "udj.library",
    "fields": {
      "name" : "Full Player Default Library",
      "description": "blah",
      "pub_key" : "blkjdd",
      "read_permission" : "OW",
      "write_permission" : "OW",
      "resolver" : "standard"
    }
  },

  {
    "pk" :8,
    "model" : "udj.library",
    "fields" : {
      "name" : "Rdio",
      "description" : "The Rdio music library",
      "pub_key" : "",
      "read_permission" : "PU",
      "write_permission" : "NO"
    }
  },






  {
    "pk": 1,
    "model" :"udj.defaultlibrary",
    "fields" : {
      "library" : 1,
      "player" : 1
    }
  },

  {
    "pk": 2,
    "model" :"udj.defaultlibrary",
    "fields" : {
      "library" : 2,
      "player" : 2
    }
  },

  {
    "pk": 3,
    "model" :"udj.defaultlibrary",
    "fields" : {
      "library" : 3,
      "player" : 3
    }
  },

  {
    "pk": 4,
    "model" :"udj.defaultlibrary",
    "fields" : {
      "library" : 4,
      "player" : 4
    }
  },

  {
    "pk": 5,
    "model" :"udj.defaultlibrary",
    "fields" : {
      "library" : 5,
      "player" : 5
    }
  },

  {
    "pk": 6,
    "model" :"udj.defaultlibrary",
    "fields" : {
      "library" : 6,
      "player" : 6
    }
  },


  {
    "pk": 7,
    "model" :"udj.defaultlibrary",
    "fields" : {
      "library" : 7,
      "player" : 7
    }
  },



  {
    "pk" : 1,
    "model" : "udj.ownedlibrary",
    "fields" : {
      "library" : 1,
      "owner" : 2
    }
  },

  {
    "pk" : 2,
    "model" : "udj.ownedlibrary",
    "fields" : {
      "library" : 2,
      "owner" : 2
    }
  },

  {
    "pk" : 3,
    "model" : "udj.ownedlibrary",
    "fields" : {
      "library" : 3,
      "owner" : 6
    }
  },

  {
    "pk" : 4,
    "model" : "udj.ownedlibrary",
    "fields" : {
      "library" : 4,
      "owner" : 2
    }
  },

  {
    "pk" : 5,
    "model" : "udj.ownedlibrary",
    "fields" : {
      "library" : 5,
      "owner" : 2
    }
  },


  {
    "pk" : 6,
    "model" : "udj.ownedlibrary",
    "fields" : {
      "library" : 6,
      "owner" : 2
    }
  },

  {
    "pk" : 7,
    "model" : "udj.ownedlibrary",
    "fields" : {
      "library" : 7,
      "owner" : 2
    }
  },

  {
    "pk": 1,
    "model" :"udj.associatedlibrary",
    "fields" : {
      "library" : 1,
      "player" : 1,
      "enabled" : true
    }
  },

  {
    "pk": 2,
    "model" :"udj.associatedlibrary",
    "fields" : {
      "library" : 2,
      "player" : 2,
      "enabled" : true
    }
  },

  {
    "pk": 3,
    "model" :"udj.associatedlibrary",
    "fields" : {
      "library" : 3,
      "player" : 3,
      "enabled" : true
    }
  },

  {
    "pk": 4,
    "model" :"udj.associatedlibrary",
    "fields" : {
      "library" : 4,
      "player" : 4,
      "enabled" : true
    }
  },

  {
    "pk": 5,
    "model" :"udj.associatedlibrary",
    "fields" : {
      "library" : 5,
      "player" : 5,
      "enabled" : true
    }
  },

  {
    "pk": 6,
    "model" :"udj.associatedlibrary",
    "fields" : {
      "library" : 6,
      "player" : 6,
      "enabled" : true
    }
  },


  {
    "pk": 7,
    "model" :"udj.associatedlibrary",
    "fields" : {
      "library" : 7,
      "player" : 7,
      "enabled" : true
    }
  },


  {
    "pk": 1,
    "model": "udj.libraryentry",
    "fields": {
      "library": 1,
      "lib_id": "1",
      "title": "Semi-Charmed Life",
      "artist": "Third Eye Blind",
      "album": "Third Eye Blind",
      "track": 3,
      "genre": "Rock",
      "duration": 268,
      "is_deleted": false
    }
  },

  {
    "pk": 2,
    "model": "udj.libraryentry",
    "fields": {
      "library": 1,
      "lib_id": "2",
      "title": "Narcolepsy",
      "artist": "Third Eye Blind",
      "album": "Third Eye Blind",
      "track": 2,
      "genre": "Rock",
      "duration": 228,
      "is_deleted": false
    }
  },

  {
    "pk": 3,
    "model": "udj.libraryentry",
    "fields": {
      "library": 1,
      "lib_id": "3",
      "title": "Graduate",
      "artist": "Third Eye Blind",
      "album": "Third Eye Blind",
      "track": 5,
      "genre": "Rock",
      "duration": 189,
      "is_deleted": false
    }
  },

  {
    "pk": 4,
    "model": "udj.libraryentry",
    "fields": {
      "library": 1,
      "lib_id": "4",
      "title": "Losing A Whole Year",
      "artist": "Third Eye Blind",
      "album": "Third Eye Blind",
      "track": 1,
      "genre": "Rock",
      "duration": 200,
      "is_deleted": false
    }
  },

  {
    "pk": 5,
    "model": "udj.libraryentry",
    "fields": {
      "library": 1,
      "lib_id": "5",
      "title": "Never Let You Go",
      "artist": "Third Eye Blind",
      "album": "Blue",
      "track": 3,
      "genre": "Rock",
      "duration": 237,
      "is_deleted": false
    }
  },


  {
    "pk": 6,
    "model": "udj.libraryentry",
    "fields": {
      "library": 1,
      "lib_id": "6",
      "title": "Ilyena",
      "artist": "The Mars Volta",
      "album": "The Bedlam in Goliath",
      "track": 3,
      "genre": "Rock",
      "duration": 335,
      "is_deleted": false
    }
  },

  {
    "pk": 7,
    "model": "udj.libraryentry",
    "fields": {
      "library": 1,
      "lib_id": "7",
      "title": "Metatron",
      "artist": "The Mars Volta",
      "album": "The Bedlam in Goliath",
      "track": 2,
      "genre": "Rock",
      "duration": 471,
      "is_deleted": false
    }
  },

  {
    "pk": 8,
    "model": "udj.libraryentry",
    "fields": {
      "library": 1,
      "lib_id": "8",
      "title": "Tourniquet Man",
      "artist": "The Mars Volta",
      "album": "The Bedlam in Goliath",
      "track": 5,
      "genre": "Rock",
      "duration": 158,
      "is_deleted": true
    }
  },

  {
    "pk": 9,
    "model": "udj.libraryentry",
    "fields": {
      "library": 1,
      "lib_id": "9",
      "title": "Bangarang Feat. Sarah (Original Mix)",
      "artist": "Skrillex",
      "album": "Bangarang",
      "track": 2,
      "genre": "Dubstep",
      "duration": 215,
      "is_deleted": false
    }
  },

  {
    "pk": 10,
    "model": "udj.libraryentry",
    "fields": {
      "library": 1,
      "lib_id": "10",
      "title": "My Name Is Skrillex",
      "artist": "Skrillex",
      "album": "My Name Is Skrillex",
      "track": 1,
      "genre": "Dubstep",
      "duration": 291,
      "is_deleted": false
    }
  },


  {
    "pk": 11,
    "model": "udj.libraryentry",
    "fields": {
      "library": 3,
      "lib_id": "1",
      "title": "Californication",
      "artist": "Red Hot Chili Peppers",
      "album": "Californication",
      "track": 6,
      "genre": "Rock",
      "duration": 321,
      "is_deleted": false
    }
  },

  {
    "pk": 12,
    "model": "udj.libraryentry",
    "fields": {
      "library": 3,
      "lib_id": "2",
      "title": "Otherside",
      "artist": "Red Hot Chili Peppers",
      "album": "Californication",
      "track": 4,
      "genre": "Rock",
      "duration": 255,
      "is_deleted": false
    }
  },

  {
    "pk": 1,
    "model":"udj.bannedlibraryentry",
    "fields":{
      "song" : 4,
      "player" : 1
    }
  },



  {
    "pk": 1,
    "model": "udj.activeplaylistentry",
    "fields": {
      "song": 1,
      "player": 1,
      "time_added": "2012-04-15 11:54:11",
      "adder": 7,
      "state": "QE"
    }
  },

  {
    "pk": 2,
    "model": "udj.activeplaylistentry",
    "fields": {
      "song": 2,
      "player": 1,
      "time_added": "2012-04-15 11:55:11",
      "adder": 7,
      "state": "QE"
    }
  },

  {
    "pk": 3,
    "model": "udj.activeplaylistentry",
    "fields": {
      "song": 3,
      "player": 1,
      "time_added": "2012-04-15 11:57:40",
      "adder": 3,
      "state": "QE"
    }
  },

  {
    "pk": 4,
    "model": "udj.activeplaylistentry",
    "fields": {
      "song": 5,
      "player": 1,
      "time_added": "2012-04-15 11:57:50",
      "adder": 3,
      "state": "QE"
    }
  },

  {
    "pk": 5,
    "model": "udj.activeplaylistentry",
    "fields": {
      "song": 6,
      "player": 1,
      "time_added": "2012-04-15 11:53:50",
      "adder": 2,
      "state": "PL"
    }
  },

  {
    "pk": 6,
    "model": "udj.activeplaylistentry",
    "fields": {
      "song": 7,
      "player": 1,
      "time_added": "2012-04-15 11:50:50",
      "adder": 2,
      "state": "FN"
    }
  },

  {
    "pk": 7,
    "model": "udj.activeplaylistentry",
    "fields": {
      "song": 10,
      "player": 1,
      "time_added": "2012-04-15 11:49:50",
      "adder": 2,
      "state": "RM"
    }
  },

  {
    "pk": 8,
    "model": "udj.activeplaylistentry",
    "fields": {
      "player" : 3,
      "song": 11,
      "time_added": "2012-04-15 11:54:11",
      "adder": 6,
      "state": "QE"
    }
  },

  {
    "pk": 9,
    "model": "udj.activeplaylistentry",
    "fields": {
      "player": 1,
      "song": 5,
      "time_added": "2012-04-15 10:54:50",
      "adder": 2,
      "state": "FN"
    }
  },


  {
    "pk": 1,
    "model": "udj.playlistentrytimeplayed",
    "fields": {
      "playlist_entry": 5,
      "time_played": "2012-04-15 11:52:50"
    }
  },
  {
    "pk": 2,
    "model": "udj.playlistentrytimeplayed",
    "fields": {
      "playlist_entry": 6,
      "time_played": "2012-04-15 11:52:50"
    }
  },

  {
    "pk": 3,
    "model": "udj.playlistentrytimeplayed",
    "fields": {
      "playlist_entry": 9,
      "time_played": "2012-04-15 10:52:50"
    }
  },

  {
    "pk": 1,
    "model": "udj.vote",
    "fields": {
      "playlist_entry": 1,
      "user": 7,
      "weight": 1
    }
  },

  {
    "pk": 2,
    "model": "udj.vote",
    "fields": {
      "playlist_entry": 2,
      "user": 7,
      "weight": 1
    }
  },

  {
    "pk": 3,
    "model": "udj.vote",
    "fields": {
      "playlist_entry": 3,
      "user": 3,
      "weight": 1
    }
  },

  {
    "pk": 4,
    "model": "udj.vote",
    "fields": {
      "playlist_entry": 4,
      "user": 3,
      "weight": 1
    }
  },

  {
    "pk": 5,
    "model": "udj.vote",
    "fields": {
      "playlist_entry": 5,
      "user": 2,
      "weight": 1
    }
  },

  {
    "pk": 6,
    "model": "udj.vote",
    "fields": {
      "playlist_entry": 6,
      "user": 2,
      "weight": 1
    }
  },

  {
    "pk": 7,
    "model": "udj.vote",
    "fields": {
      "playlist_entry": 1,
      "user": 2,
      "weight": 1
    }
  },

  {
    "pk": 8,
    "model": "udj.vote",
    "fields": {
      "playlist_entry": 2,
      "user": 3,
      "weight": -1
    }
  },





  {
    "pk": 1,
    "model": "udj.player",
    "fields": {
      "owning_user": 2,
      "name": "Kurtis Player",
      "state": "PL",
      "volume": 5,
      "sorting_algo" : 1
    }
  },

  {
    "pk": 2,
    "model": "udj.player",
    "fields": {
      "owning_user": 2,
      "name": "Minnesota Player",
      "state": "IN",
      "volume": 2,
      "sorting_algo" : 1
    }
  },

  {
    "pk": 3,
    "model": "udj.player",
    "fields": {
      "owning_user": 6,
      "name": "Alejandro Player",
      "state": "PL",
      "volume": 3,
      "sorting_algo" : 1
    }
  },

  {
    "pk": 4,
    "model": "udj.player",
    "fields": {
      "owning_user": 2,
      "name": "Player with no location",
      "state": "PL",
      "volume": 5,
      "sorting_algo" : 1
    }
  },

  {
    "pk": 5,
    "model": "udj.player",
    "fields": {
      "owning_user": 2,
      "name": "Other Kurtis Player",
      "state": "PL",
      "volume": 5,
      "sorting_algo" : 1
    }
  },

  {
    "pk": 6,
    "model": "udj.player",
    "fields": {
      "owning_user": 2,
      "name": "Schnucks player",
      "state": "PL",
      "volume": 5,
      "sorting_algo" : 1
    }
  },


  {
    "pk": 7,
    "model": "udj.player",
    "fields": {
      "owning_user": 2,
      "name": "Full Player",
      "state": "PL",
      "volume": 5,
      "sorting_algo" : 1,
      "size_limit" : 2
    }
  },


  {
    "pk": 1,
    "model": "udj.playerpermissiongroup",
    "fields": {
      "player" : 1,
      "name" : "owner"
    }
  },

  {
    "pk": 2,
    "model": "udj.playerpermissiongroup",
    "fields": {
      "player" : 2,
      "name" : "owner"
    }
  },

  {
    "pk": 3,
    "model": "udj.playerpermissiongroup",
    "fields": {
      "player" : 3,
      "name" : "owner"
    }
  },

  {
    "pk": 4,
    "model": "udj.playerpermissiongroup",
    "fields": {
      "player" : 4,
      "name" : "owner"
    }
  },

  {
    "pk": 5,
    "model": "udj.playerpermissiongroup",
    "fields": {
      "player" : 5,
      "name" : "owner"
    }
  },

  {
    "pk": 6,
    "model": "udj.playerpermissiongroup",
    "fields": {
      "player" : 6,
      "name" : "owner"
    }
  },

  {
    "pk": 7,
    "model": "udj.playerpermissiongroup",
    "fields": {
      "player" : 7,
      "name" : "owner"
    }
  },

  {
    "pk": 8,
    "model": "udj.playerpermissiongroup",
    "fields": {
      "name" : "admin",
      "player" : 1
    }
  },
  {
    "pk": 9,
    "model": "udj.playerpermissiongroup",
    "fields": {
      "name" : "admin",
      "player" : 3
    }
  },

  {
    "pk": 10,
    "model": "udj.playerpermissiongroup",
    "fields": {
      "name" : "admin",
      "player" : 4
    }
  },



  {
    "pk": 1,
    "model": "udj.PlayerPermissionGroupMember",
    "fields" : {
      "permission_group" : 1,
      "user" : 2
    }
  },

  {
    "pk": 2,
    "model": "udj.PlayerPermissionGroupMember",
    "fields" : {
      "permission_group" : 2,
      "user" : 2
    }
  },


  {
    "pk": 3,
    "model": "udj.PlayerPermissionGroupMember",
    "fields" : {
      "permission_group" : 3,
      "user" : 6
    }
  },


  {
    "pk": 4,
    "model": "udj.PlayerPermissionGroupMember",
    "fields" : {
      "permission_group" : 4,
      "user" : 2
    }
  },


  {
    "pk": 5,
    "model": "udj.PlayerPermissionGroupMember",
    "fields" : {
      "permission_group" : 5,
      "user" : 2
    }
  },


  {
    "pk": 6,
    "model": "udj.PlayerPermissionGroupMember",
    "fields" : {
      "permission_group" : 6,
      "user" : 2
    }
  },


  {
    "pk": 7,
    "model": "udj.PlayerPermissionGroupMember",
    "fields" : {
      "permission_group" : 7,
      "user" : 2
    }
  },

  {
    "pk": 8,
    "model" : "udj.playerpermissiongroupmember",
    "fields": {
      "user" : 5,
      "permission_group" : 8
    }
  },
  {
    "pk": 9,
    "model" : "udj.playerpermissiongroupmember",
    "fields": {
      "user" : 5,
      "permission_group" : 10
    }
  },

  {
    "pk": 10,
    "model" : "udj.playerpermissiongroupmember",
    "fields": {
      "user" : 2,
      "permission_group" : 9
    }
  },
  {
    "pk": 11,
    "model" : "udj.playerpermissiongroupmember",
    "fields": {
      "user" : 1,
      "permission_group" : 8
    }
  },









  {
    "pk": 1,
    "model": "udj.playerpermission",
    "fields": {
      "player" : 1,
      "permission" : "MOS",
      "group" : 1
    }
  },

  {
    "pk": 2,
    "model": "udj.playerpermission",
    "fields": {
      "player" : 1,
      "permission" : "CPB",
      "group" : 1
    }
  },

  {
    "pk": 3,
    "model": "udj.playerpermission",
    "fields": {
      "player" : 1,
      "permission" : "CVO",
      "group" : 1
    }
  },

  {
    "pk": 4,
    "model": "udj.playerpermission",
    "fields": {
      "player" : 1,
      "permission" : "SSA",
      "group" : 1
    }
  },

  {
    "pk": 5,
    "model": "udj.playerpermission",
    "fields": {
      "player" : 1,
      "permission" : "SLO",
      "group" : 1
    }
  },

  {
    "pk": 6,
    "model": "udj.playerpermission",
    "fields": {
      "player" : 1,
      "permission" : "SPA",
      "group" : 1
    }
  },

  {
    "pk": 7,
    "model": "udj.playerpermission",
    "fields": {
      "player" : 1,
      "permission" : "KUS",
      "group" : 1
    }
  },

  {
    "pk": 8,
    "model": "udj.playerpermission",
    "fields": {
      "player" : 1,
      "permission" : "BUS",
      "group" : 1
    }
  },

  {
    "pk": 9,
    "model": "udj.playerpermission",
    "fields": {
      "player" : 1,
      "permission" : "APR",
      "group" : 1
    }
  },

  {
    "pk": 10,
    "model": "udj.playerpermission",
    "fields": {
      "player" : 1,
      "permission" : "ELI",
      "group" : 1
    }
  },

  {
    "pk": 11,
    "model": "udj.playerpermission",
    "fields": {
      "player" : 1,
      "permission" : "DLI",
      "group" : 1
    }
  },

  {
    "pk": 12,
    "model": "udj.playerpermission",
    "fields": {
      "player" : 1,
      "permission" : "MPG",
      "group" : 1
    }
  },

  {
    "pk": 13,
    "model": "udj.playerpermission",
    "fields": {
      "player" : 1,
      "permission" : "CEV",
      "group" : 1
    }
  },

  {
    "pk": 14,
    "model": "udj.playerpermission",
    "fields": {
      "player" : 1,
      "permission" : "HEV",
      "group" : 1
    }
  },

  {
    "pk": 15,
    "model": "udj.playerpermission",
    "fields": {
      "player" : 1,
      "permission" : "MEV",
      "group" : 1
    }
  },





  {
    "pk": 16,
    "model": "udj.playerpermission",
    "fields": {
      "player" : 2,
      "permission" : "CSS",
      "group" : 2
    }
  },

  {
    "pk": 17,
    "model": "udj.playerpermission",
    "fields": {
      "player" : 2,
      "permission" : "MOS",
      "group" : 2
    }
  },

  {
    "pk": 18,
    "model": "udj.playerpermission",
    "fields": {
      "player" : 2,
      "permission" : "CPB",
      "group" : 2
    }
  },

  {
    "pk": 19,
    "model": "udj.playerpermission",
    "fields": {
      "player" : 2,
      "permission" : "CVO",
      "group" : 2
    }
  },

  {
    "pk": 20,
    "model": "udj.playerpermission",
    "fields": {
      "player" : 2,
      "permission" : "SSA",
      "group" : 2
    }
  },

  {
    "pk": 21,
    "model": "udj.playerpermission",
    "fields": {
      "player" : 2,
      "permission" : "SLO",
      "group" : 2
    }
  },

  {
    "pk": 22,
    "model": "udj.playerpermission",
    "fields": {
      "player" : 2,
      "permission" : "SPA",
      "group" : 2
    }
  },

  {
    "pk": 23,
    "model": "udj.playerpermission",
    "fields": {
      "player" : 2,
      "permission" : "KUS",
      "group" : 2
    }
  },

  {
    "pk": 24,
    "model": "udj.playerpermission",
    "fields": {
      "player" : 2,
      "permission" : "BUS",
      "group" : 2
    }
  },

  {
    "pk": 25,
    "model": "udj.playerpermission",
    "fields": {
      "player" : 2,
      "permission" : "APR",
      "group" : 2
    }
  },

  {
    "pk": 26,
    "model": "udj.playerpermission",
    "fields": {
      "player" : 2,
      "permission" : "ELI",
      "group" : 2
    }
  },

  {
    "pk": 27,
    "model": "udj.playerpermission",
    "fields": {
      "player" : 2,
      "permission" : "DLI",
      "group" : 2
    }
  },

  {
    "pk": 28,
    "model": "udj.playerpermission",
    "fields": {
      "player" : 2,
      "permission" : "MPG",
      "group" : 2
    }
  },

  {
    "pk": 29,
    "model": "udj.playerpermission",
    "fields": {
      "player" : 2,
      "permission" : "CEV",
      "group" : 2
    }
  },

  {
    "pk": 30,
    "model": "udj.playerpermission",
    "fields": {
      "player" : 2,
      "permission" : "HEV",
      "group" : 2
    }
  },

  {
    "pk": 31,
    "model": "udj.playerpermission",
    "fields": {
      "player" : 2,
      "permission" : "MEV",
      "group" : 2
    }
  },




  {
    "pk": 32,
    "model": "udj.playerpermission",
    "fields": {
      "player" : 3,
      "permission" : "CSS",
      "group" : 3
    }
  },

  {
    "pk": 33,
    "model": "udj.playerpermission",
    "fields": {
      "player" : 3,
      "permission" : "MOS",
      "group" : 3
    }
  },

  {
    "pk": 34,
    "model": "udj.playerpermission",
    "fields": {
      "player" : 3,
      "permission" : "CPB",
      "group" : 3
    }
  },

  {
    "pk": 35,
    "model": "udj.playerpermission",
    "fields": {
      "player" : 3,
      "permission" : "CVO",
      "group" : 3
    }
  },

  {
    "pk": 36,
    "model": "udj.playerpermission",
    "fields": {
      "player" : 3,
      "permission" : "SSA",
      "group" : 3
    }
  },

  {
    "pk": 37,
    "model": "udj.playerpermission",
    "fields": {
      "player" : 3,
      "permission" : "SLO",
      "group" : 3
    }
  },

  {
    "pk": 38,
    "model": "udj.playerpermission",
    "fields": {
      "player" : 3,
      "permission" : "SPA",
      "group" : 3
    }
  },

  {
    "pk": 39,
    "model": "udj.playerpermission",
    "fields": {
      "player" : 3,
      "permission" : "KUS",
      "group" : 3
    }
  },

  {
    "pk": 40,
    "model": "udj.playerpermission",
    "fields": {
      "player" : 3,
      "permission" : "BUS",
      "group" : 3
    }
  },

  {
    "pk": 41,
    "model": "udj.playerpermission",
    "fields": {
      "player" : 3,
      "permission" : "APR",
      "group" : 3
    }
  },

  {
    "pk": 42,
    "model": "udj.playerpermission",
    "fields": {
      "player" : 3,
      "permission" : "ELI",
      "group" : 3
    }
  },

  {
    "pk": 43,
    "model": "udj.playerpermission",
    "fields": {
      "player" : 3,
      "permission" : "DLI",
      "group" : 3
    }
  },

  {
    "pk": 44,
    "model": "udj.playerpermission",
    "fields": {
      "player" : 3,
      "permission" : "MPG",
      "group" : 3
    }
  },

  {
    "pk": 45,
    "model": "udj.playerpermission",
    "fields": {
      "player" : 3,
      "permission" : "CEV",
      "group" : 3
    }
  },

  {
    "pk": 46,
    "model": "udj.playerpermission",
    "fields": {
      "player" : 3,
      "permission" : "HEV",
      "group" : 3
    }
  },

  {
    "pk": 47,
    "model": "udj.playerpermission",
    "fields": {
      "player" : 3,
      "permission" : "MEV",
      "group" : 3
    }
  },




  {
    "pk": 48,
    "model": "udj.playerpermission",
    "fields": {
      "player" : 4,
      "permission" : "CSS",
      "group" : 4
    }
  },

  {
    "pk": 49,
    "model": "udj.playerpermission",
    "fields": {
      "player" : 4,
      "permission" : "MOS",
      "group" : 4
    }
  },

  {
    "pk": 50,
    "model": "udj.playerpermission",
    "fields": {
      "player" : 4,
      "permission" : "CPB",
      "group" : 4
    }
  },

  {
    "pk": 51,
    "model": "udj.playerpermission",
    "fields": {
      "player" : 4,
      "permission" : "CVO",
      "group" : 4
    }
  },

  {
    "pk": 52,
    "model": "udj.playerpermission",
    "fields": {
      "player" : 4,
      "permission" : "SSA",
      "group" : 4
    }
  },

  {
    "pk": 53,
    "model": "udj.playerpermission",
    "fields": {
      "player" : 4,
      "permission" : "SLO",
      "group" : 4
    }
  },

  {
    "pk": 54,
    "model": "udj.playerpermission",
    "fields": {
      "player" : 4,
      "permission" : "SPA",
      "group" : 4
    }
  },

  {
    "pk": 55,
    "model": "udj.playerpermission",
    "fields": {
      "player" : 4,
      "permission" : "KUS",
      "group" : 4
    }
  },

  {
    "pk": 56,
    "model": "udj.playerpermission",
    "fields": {
      "player" : 4,
      "permission" : "BUS",
      "group" : 4
    }
  },

  {
    "pk": 57,
    "model": "udj.playerpermission",
    "fields": {
      "player" : 4,
      "permission" : "APR",
      "group" : 4
    }
  },

  {
    "pk": 58,
    "model": "udj.playerpermission",
    "fields": {
      "player" : 4,
      "permission" : "ELI",
      "group" : 4
    }
  },

  {
    "pk": 59,
    "model": "udj.playerpermission",
    "fields": {
      "player" : 4,
      "permission" : "DLI",
      "group" : 4
    }
  },

  {
    "pk": 60,
    "model": "udj.playerpermission",
    "fields": {
      "player" : 4,
      "permission" : "MPG",
      "group" : 4
    }
  },

  {
    "pk": 61,
    "model": "udj.playerpermission",
    "fields": {
      "player" : 4,
      "permission" : "CEV",
      "group" : 4
    }
  },

  {
    "pk": 62,
    "model": "udj.playerpermission",
    "fields": {
      "player" : 4,
      "permission" : "HEV",
      "group" : 4
    }
  },

  {
    "pk": 63,
    "model": "udj.playerpermission",
    "fields": {
      "player" : 4,
      "permission" : "MEV",
      "group" : 4
    }
  },




  {
    "pk": 64,
    "model": "udj.playerpermission",
    "fields": {
      "player" : 4,
      "permission" : "CSS",
      "group" : 4
    }
  },

  {
    "pk": 65,
    "model": "udj.playerpermission",
    "fields": {
      "player" : 4,
      "permission" : "MOS",
      "group" : 4
    }
  },

  {
    "pk": 66,
    "model": "udj.playerpermission",
    "fields": {
      "player" : 4,
      "permission" : "CPB",
      "group" : 4
    }
  },

  {
    "pk": 67,
    "model": "udj.playerpermission",
    "fields": {
      "player" : 4,
      "permission" : "CVO",
      "group" : 4
    }
  },

  {
    "pk": 68,
    "model": "udj.playerpermission",
    "fields": {
      "player" : 4,
      "permission" : "SSA",
      "group" : 4
    }
  },

  {
    "pk": 69,
    "model": "udj.playerpermission",
    "fields": {
      "player" : 4,
      "permission" : "SLO",
      "group" : 4
    }
  },

  {
    "pk": 70,
    "model": "udj.playerpermission",
    "fields": {
      "player" : 4,
      "permission" : "SPA",
      "group" : 4
    }
  },

  {
    "pk": 71,
    "model": "udj.playerpermission",
    "fields": {
      "player" : 4,
      "permission" : "KUS",
      "group" : 4
    }
  },

  {
    "pk": 72,
    "model": "udj.playerpermission",
    "fields": {
      "player" : 4,
      "permission" : "BUS",
      "group" : 4
    }
  },

  {
    "pk": 73,
    "model": "udj.playerpermission",
    "fields": {
      "player" : 4,
      "permission" : "APR",
      "group" : 4
    }
  },

  {
    "pk": 74,
    "model": "udj.playerpermission",
    "fields": {
      "player" : 4,
      "permission" : "ELI",
      "group" : 4
    }
  },

  {
    "pk": 75,
    "model": "udj.playerpermission",
    "fields": {
      "player" : 4,
      "permission" : "DLI",
      "group" : 4
    }
  },

  {
    "pk": 76,
    "model": "udj.playerpermission",
    "fields": {
      "player" : 4,
      "permission" : "MPG",
      "group" : 4
    }
  },

  {
    "pk": 77,
    "model": "udj.playerpermission",
    "fields": {
      "player" : 4,
      "permission" : "CEV",
      "group" : 4
    }
  },

  {
    "pk": 78,
    "model": "udj.playerpermission",
    "fields": {
      "player" : 4,
      "permission" : "HEV",
      "group" : 4
    }
  },

  {
    "pk": 79,
    "model": "udj.playerpermission",
    "fields": {
      "player" : 4,
      "permission" : "MEV",
      "group" : 4
    }
  },





  {
    "pk": 80,
    "model": "udj.playerpermission",
    "fields": {
      "player" : 5,
      "permission" : "CSS",
      "group" : 5
    }
  },

  {
    "pk": 81,
    "model": "udj.playerpermission",
    "fields": {
      "player" : 5,
      "permission" : "MOS",
      "group" : 5
    }
  },

  {
    "pk": 82,
    "model": "udj.playerpermission",
    "fields": {
      "player" : 5,
      "permission" : "CPB",
      "group" : 5
    }
  },

  {
    "pk": 83,
    "model": "udj.playerpermission",
    "fields": {
      "player" : 5,
      "permission" : "CVO",
      "group" : 5
    }
  },

  {
    "pk": 84,
    "model": "udj.playerpermission",
    "fields": {
      "player" : 5,
      "permission" : "SSA",
      "group" : 5
    }
  },

  {
    "pk": 85,
    "model": "udj.playerpermission",
    "fields": {
      "player" : 5,
      "permission" : "SLO",
      "group" : 5
    }
  },

  {
    "pk": 86,
    "model": "udj.playerpermission",
    "fields": {
      "player" : 5,
      "permission" : "SPA",
      "group" : 5
    }
  },

  {
    "pk": 87,
    "model": "udj.playerpermission",
    "fields": {
      "player" : 5,
      "permission" : "KUS",
      "group" : 5
    }
  },

  {
    "pk": 88,
    "model": "udj.playerpermission",
    "fields": {
      "player" : 5,
      "permission" : "BUS",
      "group" : 5
    }
  },

  {
    "pk": 89,
    "model": "udj.playerpermission",
    "fields": {
      "player" : 5,
      "permission" : "APR",
      "group" : 5
    }
  },

  {
    "pk": 90,
    "model": "udj.playerpermission",
    "fields": {
      "player" : 5,
      "permission" : "ELI",
      "group" : 5
    }
  },

  {
    "pk": 91,
    "model": "udj.playerpermission",
    "fields": {
      "player" : 5,
      "permission" : "DLI",
      "group" : 5
    }
  },

  {
    "pk": 92,
    "model": "udj.playerpermission",
    "fields": {
      "player" : 5,
      "permission" : "MPG",
      "group" : 5
    }
  },

  {
    "pk": 93,
    "model": "udj.playerpermission",
    "fields": {
      "player" : 5,
      "permission" : "CEV",
      "group" : 5
    }
  },

  {
    "pk": 94,
    "model": "udj.playerpermission",
    "fields": {
      "player" : 5,
      "permission" : "HEV",
      "group" : 5
    }
  },

  {
    "pk": 95,
    "model": "udj.playerpermission",
    "fields": {
      "player" : 5,
      "permission" : "MEV",
      "group" : 5
    }
  },




  {
    "pk": 96,
    "model": "udj.playerpermission",
    "fields": {
      "player" : 6,
      "permission" : "CSS",
      "group" : 6
    }
  },

  {
    "pk": 97,
    "model": "udj.playerpermission",
    "fields": {
      "player" : 6,
      "permission" : "MOS",
      "group" : 6
    }
  },

  {
    "pk": 98,
    "model": "udj.playerpermission",
    "fields": {
      "player" : 6,
      "permission" : "CPB",
      "group" : 6
    }
  },

  {
    "pk": 99,
    "model": "udj.playerpermission",
    "fields": {
      "player" : 6,
      "permission" : "CVO",
      "group" : 6
    }
  },

  {
    "pk": 100,
    "model": "udj.playerpermission",
    "fields": {
      "player" : 6,
      "permission" : "SSA",
      "group" : 6
    }
  },

  {
    "pk": 101,
    "model": "udj.playerpermission",
    "fields": {
      "player" : 6,
      "permission" : "SLO",
      "group" : 6
    }
  },

  {
    "pk": 102,
    "model": "udj.playerpermission",
    "fields": {
      "player" : 6,
      "permission" : "SPA",
      "group" : 6
    }
  },

  {
    "pk": 103,
    "model": "udj.playerpermission",
    "fields": {
      "player" : 6,
      "permission" : "KUS",
      "group" : 6
    }
  },

  {
    "pk": 104,
    "model": "udj.playerpermission",
    "fields": {
      "player" : 6,
      "permission" : "BUS",
      "group" : 6
    }
  },

  {
    "pk": 105,
    "model": "udj.playerpermission",
    "fields": {
      "player" : 6,
      "permission" : "APR",
      "group" : 6
    }
  },

  {
    "pk": 106,
    "model": "udj.playerpermission",
    "fields": {
      "player" : 6,
      "permission" : "ELI",
      "group" : 6
    }
  },

  {
    "pk": 107,
    "model": "udj.playerpermission",
    "fields": {
      "player" : 6,
      "permission" : "DLI",
      "group" : 6
    }
  },

  {
    "pk": 108,
    "model": "udj.playerpermission",
    "fields": {
      "player" : 6,
      "permission" : "MPG",
      "group" : 6
    }
  },

  {
    "pk": 109,
    "model": "udj.playerpermission",
    "fields": {
      "player" : 6,
      "permission" : "CEV",
      "group" : 6
    }
  },

  {
    "pk": 110,
    "model": "udj.playerpermission",
    "fields": {
      "player" : 6,
      "permission" : "HEV",
      "group" : 6
    }
  },

  {
    "pk": 111,
    "model": "udj.playerpermission",
    "fields": {
      "player" : 6,
      "permission" : "MEV",
      "group" : 6
    }
  },







  {
    "pk": 112,
    "model": "udj.playerpermission",
    "fields": {
      "player" : 7,
      "permission" : "CSS",
      "group" : 7
    }
  },

  {
    "pk": 113,
    "model": "udj.playerpermission",
    "fields": {
      "player" : 7,
      "permission" : "MOS",
      "group" : 7
    }
  },

  {
    "pk": 114,
    "model": "udj.playerpermission",
    "fields": {
      "player" : 7,
      "permission" : "CPB",
      "group" : 7
    }
  },

  {
    "pk": 115,
    "model": "udj.playerpermission",
    "fields": {
      "player" : 7,
      "permission" : "CVO",
      "group" : 7
    }
  },

  {
    "pk": 116,
    "model": "udj.playerpermission",
    "fields": {
      "player" : 7,
      "permission" : "SSA",
      "group" : 7
    }
  },

  {
    "pk": 117,
    "model": "udj.playerpermission",
    "fields": {
      "player" : 7,
      "permission" : "SLO",
      "group" : 7
    }
  },

  {
    "pk": 118,
    "model": "udj.playerpermission",
    "fields": {
      "player" : 7,
      "permission" : "SPA",
      "group" : 7
    }
  },

  {
    "pk": 119,
    "model": "udj.playerpermission",
    "fields": {
      "player" : 7,
      "permission" : "KUS",
      "group" : 7
    }
  },

  {
    "pk": 120,
    "model": "udj.playerpermission",
    "fields": {
      "player" : 7,
      "permission" : "BUS",
      "group" : 7
    }
  },

  {
    "pk": 121,
    "model": "udj.playerpermission",
    "fields": {
      "player" : 7,
      "permission" : "APR",
      "group" : 7
    }
  },

  {
    "pk": 122,
    "model": "udj.playerpermission",
    "fields": {
      "player" : 7,
      "permission" : "ELI",
      "group" : 7
    }
  },

  {
    "pk": 123,
    "model": "udj.playerpermission",
    "fields": {
      "player" : 7,
      "permission" : "DLI",
      "group" : 7
    }
  },

  {
    "pk": 124,
    "model": "udj.playerpermission",
    "fields": {
      "player" : 7,
      "permission" : "MPG",
      "group" : 7
    }
  },

  {
    "pk": 125,
    "model": "udj.playerpermission",
    "fields": {
      "player" : 7,
      "permission" : "CEV",
      "group" : 7
    }
  },

  {
    "pk": 126,
    "model": "udj.playerpermission",
    "fields": {
      "player" : 7,
      "permission" : "HEV",
      "group" : 7
    }
  },

  {
    "pk": 127,
    "model": "udj.playerpermission",
    "fields": {
      "player" : 7,
      "permission" : "MEV",
      "group" : 7
    }
  },




  {
    "pk": 1,
    "model": "udj.playerlocation",
    "fields": {
      "player" : 1,
      "point" : "POINT(-88.223948 40.113331)",
      "address" : "201 N Goodwin",
      "locality" : "Urbana",
      "region" : "IL",
      "postal_code" : "61801",
      "country" : "US"
    }
  },

  {
    "pk": 2,
    "model": "udj.playerlocation",
    "fields": {
      "player" : 2,
      "point" : "POINT(-93.481330 44.981822)",
      "address" : "305 Vicksburg Lane North",
      "locality" : "Plymouth",
      "region" : "MN",
      "postal_code" : "55447",
      "country" : "US"
    }
  },

  {
    "pk": 3,
    "model": "udj.playerlocation",
    "fields": {
      "player" : 3,
      "point" : "POINT(-80.27994 25.721439)",
      "address" : "1300 Memorial Drive",
      "locality" : "Coral Gables",
      "region" : "FL",
      "postal_code" : "33146",
      "country" : "U.S."
    }
  },

  {
    "pk": 4,
    "model": "udj.playerlocation",
    "fields": {
      "player" : 5,
      "point" : "POINT(-88.230399 40.110415)",
      "address" : "604 East Green Street",
      "locality" : "Champaign",
      "region" : "IL",
      "postal_code" : "61820",
      "country" : "U.S."
    }
  },

  {
    "pk": 5,
    "model": "udj.playerlocation",
    "fields": {
      "player" : 6,
      "point" : "POINT(-88.204848 40.111597)",
      "address" : "200 North Vine Street",
      "locality" : "Urbana",
      "region" :  "IL",
      "postal_code" : "61801",
      "country" : "U.S."
    }
  },


  {
    "pk": 1,
    "model": "udj.playerpassword",
    "fields": {
      "player": 3,
      "password_hash" : "8b8e92d17af4f1fcd02ecf281f6cf80b796b596a",
      "time_set": "2012-04-14 23:54:11"
    }
  },

  {
    "pk": 1,
    "model": "udj.participant",
    "fields": {
      "player": 1,
      "user": 3,
      "time_joined": "2012-04-14 11:54:22",
      "time_last_interaction" : "2012-04-14 12:30:33"
    }
  },
  {
    "pk": 2,
    "model": "udj.participant",
    "fields": {
      "player": 1,
      "user": 4,
      "time_joined": "2012-04-14 12:54:22",
      "time_last_interaction" : "2012-04-14 13:30:33"
    }
  },
  {
    "pk": 3,
    "model": "udj.participant",
    "fields": {
      "player": 1,
      "user": 7,
      "time_joined": "2012-04-14 12:34:22",
      "time_last_interaction" : "2012-04-14 13:27:33"
    }
  },
  {
    "pk": 4,
    "model": "udj.participant",
    "fields": {
      "player": 1,
      "user": 8,
      "time_joined": "2012-04-14 12:34:22",
      "time_last_interaction" : "2012-04-14 13:27:33",
      "ban_flag" : true,
      "kick_flag" : true
    }
  },

  {
    "pk": 5,
    "model": "udj.participant",
    "fields": {
      "player": 7,
      "user": 9,
      "time_joined": "2012-04-14 12:34:22",
      "time_last_interaction" : "2012-04-14 13:27:33",
      "ban_flag" : false
    }
  },
  {
    "pk": 6,
    "model": "udj.participant",
    "fields": {
      "player": 7,
      "user": 10,
      "time_joined": "2012-04-14 12:34:22",
      "time_last_interaction" : "2012-04-14 13:27:33",
      "ban_flag" : false
    }
  },
  {
    "pk": 7,
    "model": "udj.participant",
    "fields": {
      "player": 6,
      "user": 8,
      "time_joined": "2012-04-14 12:34:22",
      "time_last_interaction" : "2012-04-14 13:27:33",
      "ban_flag" : false,
      "kick_flag" : true
    }
  },
  {
    "pk": 8,
    "model": "udj.participant",
    "fields": {
      "player": 1,
      "user": 5,
      "time_joined": "2012-04-14 12:34:22",
      "time_last_interaction" : "2012-04-14 13:27:33"
    }
  },
  {
    "pk": 9,
    "model": "udj.participant",
    "fields": {
      "player": 3,
      "user": 2,
      "time_joined": "2012-04-14 12:34:22",
      "time_last_interaction" : "2012-04-14 13:27:33"
    }
  },
  {
    "pk": 10,
    "model" : "udj.participant",
    "fields" : {
      "player" : 1,
      "user" : 11,
      "time_joined": "2012-08-11 9:34:22",
      "time_last_interaction" : "2012-08-11 10:27:33",
      "logout_flag" : true
    }
  },





  {
    "pk": 1,
    "model": "udj.favorite",
    "fields": {
      "user": 2,
      "favorite_song" : 7,
      "date_added" : "2012-06-14 23:51:32"
    }
  },
  {
    "pk": 2,
    "model": "udj.favorite",
    "fields": {
      "user": 2,
      "favorite_song" : 8,
      "date_added" : "2012-06-14 23:52:00"
    }
  },





















  {
    "pk": 1, 
    "model": "auth.user", 
    "fields": {
      "username": "admin", 
      "first_name": "", 
      "last_name": "", 
      "is_active": true, 
      "is_superuser": true, 
      "is_staff": true, 
      "last_login": "2012-04-14 23:54:11", 
      "groups": [], 
      "user_permissions": [], 
      "password": "sha1$a0f1a$42e612dbfd53e7b348512b21b487123043373938", 
      "email": "admin@admin.com", 
      "date_joined": "2012-04-14 23:51:32"
    }
  }, 
  {
    "pk": 2, 
    "model": "auth.user", 
    "fields": {
      "username": "kurtis", 
      "first_name": "", 
      "last_name": "", 
      "is_active": true, 
      "is_superuser": false, 
      "is_staff": false, 
      "last_login": "2012-04-14 23:56:13", 
      "groups": [], 
      "user_permissions": [], 
      "password": "sha1$7ac36$e69f2dcf0865404017a8f060afc678cb3a5fbd98", 
      "email": "kurtis@kurtis.com",
      "date_joined": "2012-04-14 23:56:13"
    }
  }, 
  {
    "pk": 3, 
    "model": "auth.user", 
    "fields": {
      "username": "jeff", 
      "first_name": "", 
      "last_name": "", 
      "is_active": true, 
      "is_superuser": false, 
      "is_staff": false, 
      "last_login": "2012-04-14 23:56:31", 
      "groups": [], 
      "user_permissions": [], 
      "password": "sha1$788e0$5dc51d3f95bc4e98cd36f493321d8a8563d3013b", 
      "email": "", 
      "date_joined": "2012-04-14 23:56:31"
    }
  }, 
  {
    "pk": 4, 
    "model": "auth.user", 
    "fields": {
      "username": "vilas", 
      "first_name": "", 
      "last_name": "", 
      "is_active": true, 
      "is_superuser": false, 
      "is_staff": false, 
      "last_login": "2012-04-14 23:56:53", 
      "groups": [], 
      "user_permissions": [], 
      "password": "sha1$ef0df$bd774a640e961848b2adf17ed1052ea1ba861438", 
      "email": "", 
      "date_joined": "2012-04-14 23:56:53"
    }
  }, 
  {
    "pk": 5, 
    "model": "auth.user", 
    "fields": {
      "username": "lucas", 
      "first_name": "", 
      "last_name": "", 
      "is_active": true, 
      "is_superuser": false, 
      "is_staff": false, 
      "last_login": "2012-04-14 23:57:08", 
      "groups": [], 
      "user_permissions": [], 
      "password": "sha1$f9735$4ecc50c6d8d49b7da721ca59f09038b25f6faf55", 
      "email": "", 
      "date_joined": "2012-04-14 23:57:08"
    }
  }, 
  {
    "pk": 6, 
    "model": "auth.user", 
    "fields": {
      "username": "alejandro", 
      "first_name": "", 
      "last_name": "", 
      "is_active": true, 
      "is_superuser": false, 
      "is_staff": false, 
      "last_login": "2012-04-14 23:57:24", 
      "groups": [], 
      "user_permissions": [], 
      "password": "sha1$097ff$6a6c54d8f5d1ce7a828dc71a2fce6f3669c9a089", 
      "email": "", 
      "date_joined": "2012-04-14 23:57:24"
    }
  }, 
  {
    "pk": 7, 
    "model": "auth.user", 
    "fields": {
      "username": "yunyoung", 
      "first_name": "", 
      "last_name": "", 
      "is_active": true, 
      "is_superuser": false, 
      "is_staff": false, 
      "last_login": "2012-04-14 23:57:48", 
      "groups": [], 
      "user_permissions": [], 
      "password": "sha1$ba6e8$1a1a9583d77c053b7de164ac418b853d52620d49", 
      "email": "", 
      "date_joined": "2012-04-14 23:57:48"
    }
  },
  {
    "pk": 8, 
    "model": "auth.user", 
    "fields": {
      "username": "zach", 
      "first_name": "", 
      "last_name": "", 
      "is_active": true, 
      "is_superuser": false, 
      "is_staff": false, 
      "last_login": "2012-07-23T06:57:26.118", 
      "groups": [], 
      "user_permissions": [], 
      "password": "pbkdf2_sha256$10000$qJSvn6KMBunI$V2OVXdJxOnKpVzRPaIFK6oCKBWr2TtPxL5nvZxpY4Ug=", 
      "email": "", 
      "date_joined": "2012-07-23T06:57:26.118"
    }
  },
  {
    "pk": 9, 
    "model": "auth.user", 
    "fields": {
      "username": "matt", 
      "first_name": "", 
      "last_name": "", 
      "is_active": true, 
      "is_superuser": false, 
      "is_staff": false, 
      "last_login": "2012-07-28T05:35:16.778", 
      "groups": [], 
      "user_permissions": [], 
      "password": "pbkdf2_sha256$10000$UTWCf0fpH2MN$sfiKf/34lh/El2Td1dMiVm+wNegtM1znm5fBIKZ8AdE=", 
      "email": "", 
      "date_joined": "2012-07-28T05:35:16.778"
    }
  }, 
  {
    "pk": 10, 
    "model": "auth.user", 
    "fields": {
      "username": "alex", 
      "first_name": "", 
      "last_name": "", 
      "is_active": true, 
      "is_superuser": false, 
      "is_staff": false, 
      "last_login": "2012-07-28T05:35:35.219", 
      "groups": [], 
      "user_permissions": [], 
      "password": "pbkdf2_sha256$10000$yhiVu51ZrHvB$wyNCbe/nNYwTKxRKGdoSlknRYX/5HK9rrAEwYKjwBGQ=", 
      "email": "", 
      "date_joined": "2012-07-28T05:35:35.219"
    }
  }, 
  {
    "pk": 11, 
    "model": "auth.user", 
    "fields": {
      "username": "lee", 
      "first_name": "", 
      "last_name": "", 
      "is_active": true, 
      "is_superuser": false, 
      "is_staff": false, 
      "last_login": "2012-07-28T05:35:44.208", 
      "groups": [], 
      "user_permissions": [], 
      "password": "pbkdf2_sha256$10000$IlYAXlKD9SNp$sJFangJ5NxZa7HNN07f5MjjhQyk0HepnlVahrjXDLvM=", 
      "email": "", 
      "date_joined": "2012-07-28T05:35:44.208"
    }
  },





  {
    "pk": 1,
    "model": "udj.sortingalgorithm",
    "fields": {
      "name" : "Total Votes",
      "description" : "Sorts the playlist be calculating each songs total votes (upvotes - downvotes). Ties are broken by the time each song was added (with preference given to the song that was added first",
      "function_name" : "totalVotes"
    }
  },
  {
    "pk": 2,
    "model": "udj.sortingalgorithm",
    "fields": {
      "name" : "Time Added",
      "description" : "Sorts the playlist songs by the time the songs were added.",
      "function_name" : "timeAdded"
    }
  },
  {
    "pk": 3,
    "model": "udj.sortingalgorithm",
    "fields": {
      "name" : "Round Robin",
      "description" : "Sorts the playlist songs by the time the songs were added and spaces songs out by adder.",
      "function_name" : "roundRobin"
    }
  },

  {
    "pk": 1, 
    "model": "udj.ticket", 
    "fields": {
      "ticket_hash": "9e25c0feed38afb11c3098a9628790f9", 
      "user": 5, 
      "time_issued": "2012-04-24 23:01:37"
    }
  },


  {
    "pk": 1,
    "model": "udj.songset",
    "fields": {
      "name" : "Third Eye Blind",
      "description" : "A song set with some great third eye blind.",
      "player" : 1,
      "owner" : 2,
      "date_created": "2012-06-22 18:06:49"
    }
  },

  {
    "pk": 2,
    "model": "udj.songset",
    "fields": {
      "name" : "Mars Volta",
      "description" : "A song set with some great Mars Volta.",
      "player" : 1,
      "owner" : 3,
      "date_created": "2012-08-04 17:31:52"
    }
  },


  {
    "pk": 1,
    "model" : "udj.songsetentry",
    "fields":{
      "songset" : 1,
      "song" : 1
    }
  },

  {
    "pk": 2,
    "model" : "udj.songsetentry",
    "fields":{
      "songset" : 1,
      "song" : 3
    }
  },

  {
    "pk": 3,
    "model" : "udj.songsetentry",
    "fields":{
      "songset" : 2,
      "song" : 6
    }
  },

  {
    "pk": 4,
    "model" : "udj.songsetentry",
    "fields":{
      "songset" : 2,
      "song" : 7
    }
  }


]
